event_date,source,medium,campaign,user_session_count,cart_add_count,visit_to_cart,checkout_count,visit_to_checkout,purchase_count,visit_to_purchase
2020-11-01,(data deleted),(data deleted),(data deleted),122,0,0.0,6,0.049,1,0.008
2020-11-01,(data deleted),(data deleted),<Other>,1,0,0.0,0,0.0,0,0.0
2020-11-01,(direct),(none),(direct),611,0,0.0,23,0.038,5,0.008
2020-11-01,<Other>,(data deleted),(data deleted),3,0,0.0,0,0.0,0,0.0
2020-11-01,<Other>,<Other>,<Other>,370,0,0.0,13,0.035,1,0.003
2020-11-01,<Other>,organic,(organic),88,0,0.0,3,0.034,0,0.0
2020-11-01,<Other>,referral,(referral),255,0,0.0,8,0.031,2,0.008
2020-11-01,google,cpc,<Other>,108,0,0.0,4,0.037,0,0.0
2020-11-01,google,organic,(organic),824,0,0.0,22,0.027,2,0.002
2020-11-01,shop.googlemerchandisestore.com,referral,(referral),212,1,0.005,15,0.071,2,0.009
2020-11-02,(data deleted),(data deleted),(data deleted),254,0,0.0,15,0.059,7,0.028
2020-11-02,(data deleted),(data deleted),<Other>,7,0,0.0,0,0.0,0,0.0
2020-11-02,(direct),(none),(direct),821,0,0.0,19,0.023,7,0.009
2020-11-02,<Other>,(data deleted),(data deleted),7,0,0.0,0,0.0,0,0.0
2020-11-02,<Other>,<Other>,<Other>,529,0,0.0,12,0.023,3,0.006
2020-11-02,<Other>,organic,(organic),109,0,0.0,3,0.028,1,0.009
2020-11-02,<Other>,referral,(referral),360,0,0.0,11,0.031,4,0.011
2020-11-02,google,cpc,<Other>,175,0,0.0,6,0.034,2,0.011
2020-11-02,google,organic,(organic),1099,0,0.0,50,0.045,9,0.008
2020-11-02,shop.googlemerchandisestore.com,referral,(referral),321,0,0.0,13,0.04,7,0.022
2020-11-03,(data deleted),(data deleted),(data deleted),322,0,0.0,14,0.043,12,0.037
2020-11-03,(data deleted),(data deleted),<Other>,7,0,0.0,0,0.0,0,0.0
2020-11-03,(direct),(none),(direct),1234,0,0.0,35,0.028,12,0.01
2020-11-03,<Other>,(data deleted),(data deleted),10,0,0.0,0,0.0,0,0.0
2020-11-03,<Other>,<Other>,<Other>,740,0,0.0,15,0.02,5,0.007
2020-11-03,<Other>,organic,(organic),135,0,0.0,2,0.015,1,0.007
2020-11-03,<Other>,referral,(referral),511,0,0.0,11,0.022,5,0.01
2020-11-03,google,cpc,<Other>,238,0,0.0,9,0.038,2,0.008
2020-11-03,google,organic,(organic),1682,0,0.0,43,0.026,7,0.004
2020-11-03,shop.googlemerchandisestore.com,referral,(referral),402,0,0.0,12,0.03,4,0.01
2020-11-04,(data deleted),(data deleted),(data deleted),300,0,0.0,13,0.043,5,0.017
2020-11-04,(data deleted),(data deleted),<Other>,6,0,0.0,1,0.167,0,0.0
2020-11-04,(direct),(none),(direct),954,0,0.0,22,0.023,5,0.005
2020-11-04,<Other>,(data deleted),(data deleted),6,0,0.0,0,0.0,0,0.0
2020-11-04,<Other>,<Other>,<Other>,630,0,0.0,19,0.03,2,0.003
2020-11-04,<Other>,organic,(organic),123,0,0.0,2,0.016,1,0.008
2020-11-04,<Other>,referral,(referral),408,0,0.0,10,0.025,5,0.012
2020-11-04,<Other>,referral,<Other>,1,0,0.0,0,0.0,0,0.0
2020-11-04,google,cpc,<Other>,169,0,0.0,6,0.036,0,0.0
2020-11-04,google,organic,(organic),1310,0,0.0,32,0.024,7,0.005
2020-11-04,shop.googlemerchandisestore.com,referral,(referral),373,0,0.0,11,0.029,3,0.008
2020-11-05,(data deleted),(data deleted),(data deleted),335,0,0.0,11,0.033,5,0.015
2020-11-05,(data deleted),(data deleted),<Other>,8,0,0.0,1,0.125,1,0.125
2020-11-05,(direct),(none),(direct),852,0,0.0,25,0.029,6,0.007
2020-11-05,<Other>,(data deleted),(data deleted),7,0,0.0,1,0.143,1,0.143
2020-11-05,<Other>,<Other>,<Other>,480,0,0.0,17,0.035,3,0.006
2020-11-05,<Other>,organic,(organic),91,0,0.0,5,0.055,0,0.0
2020-11-05,<Other>,referral,(referral),357,0,0.0,17,0.048,5,0.014
2020-11-05,google,cpc,<Other>,154,0,0.0,8,0.052,1,0.006
2020-11-05,google,organic,(organic),1168,0,0.0,28,0.024,1,0.001
2020-11-05,shop.googlemerchandisestore.com,referral,(referral),342,0,0.0,13,0.038,3,0.009
2020-11-06,(data deleted),(data deleted),(data deleted),265,0,0.0,11,0.042,4,0.015
2020-11-06,(data deleted),(data deleted),<Other>,4,0,0.0,0,0.0,0,0.0
2020-11-06,(data deleted),referral,(referral),1,0,0.0,1,1.0,0,0.0
2020-11-06,(direct),(none),(direct),748,0,0.0,30,0.04,11,0.015
2020-11-06,<Other>,(data deleted),(data deleted),6,0,0.0,0,0.0,0,0.0
2020-11-06,<Other>,<Other>,<Other>,412,0,0.0,25,0.061,3,0.007
2020-11-06,<Other>,organic,(organic),91,0,0.0,2,0.022,0,0.0
2020-11-06,<Other>,referral,(referral),293,0,0.0,17,0.058,7,0.024
2020-11-06,google,cpc,<Other>,134,0,0.0,3,0.022,1,0.007
2020-11-06,google,organic,(organic),998,0,0.0,51,0.051,17,0.017
2020-11-06,shop.googlemerchandisestore.com,referral,(referral),312,0,0.0,9,0.029,5,0.016
2020-11-07,(data deleted),(data deleted),(data deleted),132,0,0.0,5,0.038,1,0.008
2020-11-07,(data deleted),(data deleted),<Other>,5,0,0.0,0,0.0,0,0.0
2020-11-07,(direct),(none),(direct),548,0,0.0,28,0.051,6,0.011
2020-11-07,<Other>,<Other>,<Other>,307,0,0.0,12,0.039,3,0.01
2020-11-07,<Other>,organic,(organic),52,0,0.0,5,0.096,1,0.019
2020-11-07,<Other>,referral,(referral),227,0,0.0,9,0.04,3,0.013
2020-11-07,google,cpc,<Other>,106,0,0.0,3,0.028,2,0.019
2020-11-07,google,organic,(organic),684,0,0.0,39,0.057,10,0.015
2020-11-07,shop.googlemerchandisestore.com,referral,(referral),178,0,0.0,10,0.056,2,0.011
2020-11-08,(data deleted),(data deleted),(data deleted),137,0,0.0,5,0.036,4,0.029
2020-11-08,(data deleted),(data deleted),<Other>,2,0,0.0,1,0.5,1,0.5
2020-11-08,(direct),(none),(direct),473,0,0.0,18,0.038,5,0.011
2020-11-08,<Other>,(data deleted),(data deleted),3,0,0.0,0,0.0,0,0.0
2020-11-08,<Other>,<Other>,<Other>,309,0,0.0,21,0.068,5,0.016
2020-11-08,<Other>,organic,(organic),56,0,0.0,0,0.0,0,0.0
2020-11-08,<Other>,referral,(referral),216,0,0.0,11,0.051,3,0.014
2020-11-08,google,cpc,<Other>,88,0,0.0,0,0.0,0,0.0
2020-11-08,google,organic,(organic),656,0,0.0,35,0.053,9,0.014
2020-11-08,shop.googlemerchandisestore.com,referral,(referral),192,0,0.0,9,0.047,4,0.021
2020-11-09,(data deleted),(data deleted),(data deleted),230,0,0.0,12,0.052,6,0.026
2020-11-09,(data deleted),(data deleted),<Other>,6,0,0.0,0,0.0,0,0.0
2020-11-09,(direct),(none),(direct),787,0,0.0,42,0.053,11,0.014
2020-11-09,<Other>,(data deleted),(data deleted),8,0,0.0,0,0.0,0,0.0
2020-11-09,<Other>,<Other>,<Other>,454,0,0.0,17,0.037,7,0.015
2020-11-09,<Other>,organic,(organic),90,0,0.0,2,0.022,1,0.011
2020-11-09,<Other>,referral,(referral),294,0,0.0,10,0.034,3,0.01
2020-11-09,google,cpc,<Other>,122,0,0.0,4,0.033,0,0.0
2020-11-09,google,organic,(organic),972,0,0.0,36,0.037,10,0.01
2020-11-09,shop.googlemerchandisestore.com,referral,(referral),264,0,0.0,12,0.045,5,0.019
2020-11-10,(data deleted),(data deleted),(data deleted),268,0,0.0,13,0.049,7,0.026
2020-11-10,(data deleted),(data deleted),<Other>,3,0,0.0,1,0.333,1,0.333
2020-11-10,(direct),(none),(direct),850,0,0.0,45,0.053,16,0.019
2020-11-10,<Other>,(data deleted),(data deleted),7,0,0.0,2,0.286,0,0.0
2020-11-10,<Other>,<Other>,<Other>,518,0,0.0,26,0.05,9,0.017
2020-11-10,<Other>,organic,(organic),93,0,0.0,4,0.043,2,0.022
2020-11-10,<Other>,referral,(referral),387,0,0.0,17,0.044,4,0.01
2020-11-10,google,cpc,<Other>,159,0,0.0,9,0.057,2,0.013
2020-11-10,google,organic,(organic),1151,0,0.0,39,0.034,15,0.013
2020-11-10,shop.googlemerchandisestore.com,referral,(referral),345,0,0.0,16,0.046,7,0.02
2020-11-11,(data deleted),(data deleted),(data deleted),280,0,0.0,18,0.064,9,0.032
2020-11-11,(data deleted),(data deleted),<Other>,2,0,0.0,0,0.0,0,0.0
2020-11-11,(direct),(none),(direct),826,0,0.0,28,0.034,14,0.017
2020-11-11,<Other>,(data deleted),(data deleted),7,0,0.0,0,0.0,0,0.0
2020-11-11,<Other>,<Other>,<Other>,528,0,0.0,19,0.036,7,0.013
2020-11-11,<Other>,organic,(organic),97,0,0.0,5,0.052,2,0.021
2020-11-11,<Other>,referral,(referral),348,0,0.0,19,0.055,9,0.026
2020-11-11,google,cpc,<Other>,180,0,0.0,8,0.044,3,0.017
2020-11-11,google,organic,(organic),1187,0,0.0,51,0.043,14,0.012
2020-11-11,shop.googlemerchandisestore.com,referral,(referral),309,0,0.0,14,0.045,5,0.016
2020-11-12,(data deleted),(data deleted),(data deleted),269,0,0.0,7,0.026,2,0.007
2020-11-12,(data deleted),(data deleted),<Other>,9,0,0.0,2,0.222,1,0.111
2020-11-12,(direct),(none),(direct),872,0,0.0,33,0.038,10,0.011
2020-11-12,<Other>,(data deleted),(data deleted),6,0,0.0,0,0.0,0,0.0
2020-11-12,<Other>,<Other>,<Other>,488,0,0.0,24,0.049,5,0.01
2020-11-12,<Other>,organic,(organic),96,0,0.0,2,0.021,0,0.0
2020-11-12,<Other>,referral,(referral),349,0,0.0,17,0.049,4,0.011
2020-11-12,google,cpc,<Other>,131,0,0.0,5,0.038,1,0.008
2020-11-12,google,organic,(organic),1071,0,0.0,54,0.05,11,0.01
2020-11-12,shop.googlemerchandisestore.com,referral,(referral),340,0,0.0,21,0.062,15,0.044
2020-11-13,(data deleted),(data deleted),(data deleted),235,0,0.0,22,0.094,16,0.068
2020-11-13,(data deleted),(data deleted),<Other>,4,0,0.0,0,0.0,0,0.0
2020-11-13,(direct),(none),(direct),814,0,0.0,37,0.045,14,0.017
2020-11-13,<Other>,(data deleted),(data deleted),6,0,0.0,0,0.0,0,0.0
2020-11-13,<Other>,<Other>,(data deleted),1,0,0.0,0,0.0,0,0.0
2020-11-13,<Other>,<Other>,<Other>,458,0,0.0,31,0.068,11,0.024
2020-11-13,<Other>,organic,(organic),75,0,0.0,5,0.067,2,0.027
2020-11-13,<Other>,referral,(referral),309,0,0.0,14,0.045,5,0.016
2020-11-13,google,cpc,<Other>,116,0,0.0,2,0.017,0,0.0
2020-11-13,google,organic,(organic),1003,0,0.0,56,0.056,14,0.014
2020-11-13,shop.googlemerchandisestore.com,referral,(referral),278,0,0.0,17,0.061,7,0.025
2020-11-14,(data deleted),(data deleted),(data deleted),170,0,0.0,9,0.053,5,0.029
2020-11-14,(data deleted),(data deleted),<Other>,1,0,0.0,0,0.0,0,0.0
2020-11-14,(direct),(none),(direct),506,0,0.0,19,0.038,5,0.01
2020-11-14,<Other>,(data deleted),(data deleted),2,0,0.0,0,0.0,0,0.0
2020-11-14,<Other>,<Other>,<Other>,343,0,0.0,20,0.058,6,0.017
2020-11-14,<Other>,organic,(organic),55,0,0.0,1,0.018,0,0.0
2020-11-14,<Other>,referral,(referral),236,0,0.0,11,0.047,4,0.017
2020-11-14,google,cpc,<Other>,105,0,0.0,3,0.029,0,0.0
2020-11-14,google,organic,(organic),715,0,0.0,30,0.042,4,0.006
2020-11-14,shop.googlemerchandisestore.com,referral,(referral),201,0,0.0,13,0.065,5,0.025
2020-11-15,(data deleted),(data deleted),(data deleted),119,0,0.0,7,0.059,3,0.025
2020-11-15,(data deleted),(data deleted),<Other>,2,0,0.0,0,0.0,0,0.0
2020-11-15,(direct),(none),(direct),534,0,0.0,23,0.043,4,0.007
2020-11-15,<Other>,(data deleted),(data deleted),2,0,0.0,0,0.0,0,0.0
2020-11-15,<Other>,<Other>,<Other>,338,0,0.0,15,0.044,1,0.003
2020-11-15,<Other>,organic,(organic),54,0,0.0,2,0.037,2,0.037
2020-11-15,<Other>,referral,(referral),217,0,0.0,9,0.041,3,0.014
2020-11-15,google,cpc,<Other>,90,0,0.0,1,0.011,1,0.011
2020-11-15,google,organic,(organic),660,0,0.0,44,0.067,5,0.008
2020-11-15,shop.googlemerchandisestore.com,referral,(referral),174,0,0.0,9,0.052,4,0.023
2020-11-16,(data deleted),(data deleted),(data deleted),276,3,0.011,11,0.04,6,0.022
2020-11-16,(data deleted),(data deleted),<Other>,5,0,0.0,0,0.0,0,0.0
2020-11-16,(direct),(none),(direct),784,10,0.013,44,0.056,21,0.027
2020-11-16,<Other>,(data deleted),(data deleted),6,0,0.0,0,0.0,0,0.0
2020-11-16,<Other>,<Other>,<Other>,516,5,0.01,24,0.047,9,0.017
2020-11-16,<Other>,organic,(organic),84,2,0.024,3,0.036,0,0.0
2020-11-16,<Other>,referral,(referral),318,3,0.009,14,0.044,3,0.009
2020-11-16,google,cpc,<Other>,138,0,0.0,7,0.051,3,0.022
2020-11-16,google,organic,(organic),1041,10,0.01,41,0.039,19,0.018
2020-11-16,shop.googlemerchandisestore.com,referral,(referral),327,2,0.006,21,0.064,6,0.018
2020-11-17,(data deleted),(data deleted),(data deleted),341,22,0.065,26,0.076,16,0.047
2020-11-17,(data deleted),(data deleted),<Other>,6,0,0.0,0,0.0,0,0.0
2020-11-17,(direct),(none),(direct),907,48,0.053,43,0.047,20,0.022
2020-11-17,<Other>,(data deleted),(data deleted),4,1,0.25,1,0.25,1,0.25
2020-11-17,<Other>,<Other>,<Other>,537,37,0.069,23,0.043,10,0.019
2020-11-17,<Other>,organic,(organic),106,11,0.104,6,0.057,1,0.009
2020-11-17,<Other>,referral,(referral),398,26,0.065,21,0.053,7,0.018
2020-11-17,google,cpc,<Other>,141,5,0.035,3,0.021,0,0.0
2020-11-17,google,organic,(organic),1209,64,0.053,51,0.042,19,0.016
2020-11-17,shop.googlemerchandisestore.com,referral,(referral),362,33,0.091,26,0.072,11,0.03
2020-11-18,(data deleted),(data deleted),(data deleted),296,15,0.051,16,0.054,7,0.024
2020-11-18,(data deleted),(data deleted),<Other>,6,0,0.0,0,0.0,0,0.0
2020-11-18,(direct),(none),(direct),969,52,0.054,45,0.046,16,0.017
2020-11-18,<Other>,(data deleted),(data deleted),6,0,0.0,0,0.0,0,0.0
2020-11-18,<Other>,<Other>,<Other>,520,27,0.052,18,0.035,4,0.008
2020-11-18,<Other>,organic,(organic),110,5,0.045,5,0.045,1,0.009
2020-11-18,<Other>,referral,(referral),407,24,0.059,19,0.047,4,0.01
2020-11-18,google,cpc,<Other>,154,8,0.052,9,0.058,3,0.019
2020-11-18,google,organic,(organic),1274,57,0.045,33,0.026,10,0.008
2020-11-18,shop.googlemerchandisestore.com,referral,(referral),350,17,0.049,14,0.04,5,0.014
2020-11-19,(data deleted),(data deleted),(data deleted),308,2,0.006,12,0.039,5,0.016
2020-11-19,(data deleted),(data deleted),<Other>,8,1,0.125,1,0.125,0,0.0
2020-11-19,(direct),(none),(direct),972,6,0.006,27,0.028,9,0.009
2020-11-19,<Other>,(data deleted),(data deleted),4,0,0.0,0,0.0,0,0.0
2020-11-19,<Other>,<Other>,<Other>,558,11,0.02,16,0.029,6,0.011
2020-11-19,<Other>,organic,(organic),99,1,0.01,1,0.01,0,0.0
2020-11-19,<Other>,referral,(referral),417,4,0.01,15,0.036,7,0.017
2020-11-19,google,cpc,<Other>,177,0,0.0,4,0.023,1,0.006
2020-11-19,google,organic,(organic),1234,12,0.01,36,0.029,10,0.008
2020-11-19,shop.googlemerchandisestore.com,referral,(referral),373,2,0.005,13,0.035,7,0.019
2020-11-20,(data deleted),(data deleted),(data deleted),303,0,0.0,19,0.063,11,0.036
2020-11-20,(data deleted),(data deleted),<Other>,10,0,0.0,0,0.0,0,0.0
2020-11-20,(direct),(none),(direct),970,1,0.001,38,0.039,13,0.013
2020-11-20,<Other>,(data deleted),(data deleted),4,0,0.0,1,0.25,0,0.0
2020-11-20,<Other>,<Other>,<Other>,513,0,0.0,15,0.029,4,0.008
2020-11-20,<Other>,organic,(organic),124,0,0.0,1,0.008,0,0.0
2020-11-20,<Other>,referral,(referral),418,1,0.002,13,0.031,6,0.014
2020-11-20,google,cpc,<Other>,163,0,0.0,6,0.037,3,0.018
2020-11-20,google,organic,(organic),1244,1,0.001,53,0.043,19,0.015
2020-11-20,shop.googlemerchandisestore.com,referral,(referral),334,0,0.0,13,0.039,6,0.018
2020-11-21,(data deleted),(data deleted),(data deleted),217,0,0.0,5,0.023,3,0.014
2020-11-21,(data deleted),(data deleted),<Other>,2,0,0.0,0,0.0,0,0.0
2020-11-21,(direct),(none),(direct),720,0,0.0,24,0.033,6,0.008
2020-11-21,<Other>,(data deleted),(data deleted),5,0,0.0,0,0.0,0,0.0
2020-11-21,<Other>,<Other>,<Other>,452,0,0.0,19,0.042,4,0.009
2020-11-21,<Other>,organic,(organic),92,0,0.0,4,0.043,0,0.0
2020-11-21,<Other>,referral,(referral),291,0,0.0,17,0.058,8,0.027
2020-11-21,google,cpc,<Other>,145,0,0.0,10,0.069,4,0.028
2020-11-21,google,organic,(organic),985,0,0.0,37,0.038,7,0.007
2020-11-21,shop.googlemerchandisestore.com,referral,(referral),242,0,0.0,8,0.033,2,0.008
2020-11-22,(data deleted),(data deleted),(data deleted),159,0,0.0,9,0.057,6,0.038
2020-11-22,(data deleted),(data deleted),<Other>,1,0,0.0,0,0.0,0,0.0
2020-11-22,(direct),(none),(direct),626,0,0.0,25,0.04,5,0.008
2020-11-22,<Other>,(data deleted),(data deleted),3,0,0.0,1,0.333,0,0.0
2020-11-22,<Other>,<Other>,<Other>,367,0,0.0,10,0.027,2,0.005
2020-11-22,<Other>,organic,(organic),62,0,0.0,2,0.032,0,0.0
2020-11-22,<Other>,referral,(referral),260,0,0.0,8,0.031,1,0.004
2020-11-22,google,cpc,<Other>,106,0,0.0,3,0.028,0,0.0
2020-11-22,google,organic,(organic),840,0,0.0,42,0.05,11,0.013
2020-11-22,shop.googlemerchandisestore.com,referral,(referral),226,0,0.0,9,0.04,4,0.018
2020-11-23,(data deleted),(data deleted),(data deleted),289,0,0.0,16,0.055,9,0.031
2020-11-23,(data deleted),(data deleted),<Other>,3,0,0.0,0,0.0,0,0.0
2020-11-23,(direct),(none),(direct),943,0,0.0,33,0.035,13,0.014
2020-11-23,<Other>,(data deleted),(data deleted),6,0,0.0,0,0.0,0,0.0
2020-11-23,<Other>,<Other>,<Other>,527,0,0.0,23,0.044,7,0.013
2020-11-23,<Other>,organic,(organic),96,0,0.0,2,0.021,0,0.0
2020-11-23,<Other>,referral,(referral),354,0,0.0,19,0.054,5,0.014
2020-11-23,google,cpc,<Other>,156,0,0.0,8,0.051,3,0.019
2020-11-23,google,organic,(organic),1229,0,0.0,50,0.041,17,0.014
2020-11-23,shop.googlemerchandisestore.com,referral,(referral),311,0,0.0,21,0.068,10,0.032
2020-11-24,(data deleted),(data deleted),(data deleted),271,0,0.0,18,0.066,12,0.044
2020-11-24,(data deleted),(data deleted),<Other>,7,0,0.0,0,0.0,0,0.0
2020-11-24,(direct),(none),(direct),941,0,0.0,43,0.046,21,0.022
2020-11-24,<Other>,(data deleted),(data deleted),5,0,0.0,0,0.0,0,0.0
2020-11-24,<Other>,<Other>,<Other>,546,0,0.0,27,0.049,7,0.013
2020-11-24,<Other>,organic,(organic),121,0,0.0,9,0.074,4,0.033
2020-11-24,<Other>,referral,(referral),421,0,0.0,19,0.045,9,0.021
2020-11-24,google,cpc,<Other>,156,0,0.0,7,0.045,1,0.006
2020-11-24,google,organic,(organic),1319,0,0.0,44,0.033,17,0.013
2020-11-24,shop.googlemerchandisestore.com,referral,(referral),382,0,0.0,11,0.029,4,0.01
2020-11-25,(data deleted),(data deleted),(data deleted),298,14,0.047,27,0.091,12,0.04
2020-11-25,(data deleted),(data deleted),<Other>,8,0,0.0,1,0.125,0,0.0
2020-11-25,(direct),(none),(direct),974,13,0.013,35,0.036,10,0.01
2020-11-25,<Other>,(data deleted),(data deleted),5,0,0.0,0,0.0,0,0.0
2020-11-25,<Other>,<Other>,<Other>,603,9,0.015,22,0.036,5,0.008
2020-11-25,<Other>,organic,(organic),105,1,0.01,3,0.029,0,0.0
2020-11-25,<Other>,referral,(referral),433,4,0.009,17,0.039,7,0.016
2020-11-25,google,cpc,<Other>,189,2,0.011,7,0.037,1,0.005
2020-11-25,google,organic,(organic),1324,24,0.018,53,0.04,15,0.011
2020-11-25,shop.googlemerchandisestore.com,referral,(referral),353,9,0.025,17,0.048,9,0.025
2020-11-26,(data deleted),(data deleted),(data deleted),274,21,0.077,14,0.051,4,0.015
2020-11-26,(data deleted),(data deleted),<Other>,4,0,0.0,1,0.25,0,0.0
2020-11-26,(direct),(none),(direct),965,54,0.056,37,0.038,9,0.009
2020-11-26,<Other>,(data deleted),(data deleted),8,0,0.0,1,0.125,0,0.0
2020-11-26,<Other>,<Other>,<Other>,604,49,0.081,20,0.033,7,0.012
2020-11-26,<Other>,organic,(organic),104,5,0.048,4,0.038,2,0.019
2020-11-26,<Other>,referral,(referral),372,21,0.056,20,0.054,6,0.016
2020-11-26,google,cpc,<Other>,153,11,0.072,9,0.059,2,0.013
2020-11-26,google,organic,(organic),1262,83,0.066,54,0.043,18,0.014
2020-11-26,shop.googlemerchandisestore.com,referral,(referral),312,21,0.067,17,0.054,3,0.01
2020-11-27,(data deleted),(data deleted),(data deleted),221,21,0.095,19,0.086,15,0.068
2020-11-27,(data deleted),(data deleted),<Other>,8,2,0.25,3,0.375,2,0.25
2020-11-27,(direct),(none),(direct),910,60,0.066,40,0.044,19,0.021
2020-11-27,<Other>,(data deleted),(data deleted),7,1,0.143,1,0.143,1,0.143
2020-11-27,<Other>,<Other>,<Other>,600,46,0.077,25,0.042,6,0.01
2020-11-27,<Other>,organic,(organic),129,12,0.093,4,0.031,0,0.0
2020-11-27,<Other>,referral,(referral),377,30,0.08,18,0.048,8,0.021
2020-11-27,google,cpc,<Other>,187,21,0.112,11,0.059,5,0.027
2020-11-27,google,organic,(organic),1176,95,0.081,45,0.038,14,0.012
2020-11-27,shop.googlemerchandisestore.com,referral,(referral),313,35,0.112,24,0.077,17,0.054
2020-11-28,(data deleted),(data deleted),(data deleted),166,19,0.114,14,0.084,8,0.048
2020-11-28,(data deleted),(data deleted),<Other>,2,0,0.0,0,0.0,0,0.0
2020-11-28,(direct),(none),(direct),813,64,0.079,37,0.046,16,0.02
2020-11-28,<Other>,(data deleted),(data deleted),4,0,0.0,0,0.0,0,0.0
2020-11-28,<Other>,<Other>,<Other>,503,45,0.089,25,0.05,11,0.022
2020-11-28,<Other>,organic,(organic),96,8,0.083,4,0.042,2,0.021
2020-11-28,<Other>,referral,(referral),348,30,0.086,16,0.046,8,0.023
2020-11-28,google,cpc,<Other>,131,12,0.092,7,0.053,2,0.015
2020-11-28,google,organic,(organic),1042,84,0.081,46,0.044,20,0.019
2020-11-28,shop.googlemerchandisestore.com,referral,(referral),240,17,0.071,10,0.042,7,0.029
2020-11-29,(data deleted),(data deleted),(data deleted),194,21,0.108,12,0.062,9,0.046
2020-11-29,(data deleted),(data deleted),<Other>,4,1,0.25,0,0.0,0,0.0
2020-11-29,(direct),(none),(direct),747,65,0.087,28,0.037,8,0.011
2020-11-29,<Other>,(data deleted),(data deleted),4,0,0.0,1,0.25,1,0.25
2020-11-29,<Other>,<Other>,<Other>,491,40,0.081,21,0.043,5,0.01
2020-11-29,<Other>,organic,(organic),97,4,0.041,3,0.031,2,0.021
2020-11-29,<Other>,referral,(referral),299,23,0.077,11,0.037,4,0.013
2020-11-29,google,cpc,<Other>,130,7,0.054,2,0.015,1,0.008
2020-11-29,google,organic,(organic),985,79,0.08,40,0.041,15,0.015
2020-11-29,shop.googlemerchandisestore.com,referral,(referral),255,25,0.098,8,0.031,5,0.02
2020-11-30,(data deleted),(data deleted),(data deleted),321,42,0.131,19,0.059,13,0.04
2020-11-30,(data deleted),(data deleted),<Other>,2,0,0.0,0,0.0,0,0.0
2020-11-30,(direct),(none),(direct),977,92,0.094,54,0.055,23,0.024
2020-11-30,<Other>,(data deleted),(data deleted),4,1,0.25,1,0.25,1,0.25
2020-11-30,<Other>,<Other>,<Other>,632,50,0.079,30,0.047,13,0.021
2020-11-30,<Other>,organic,(organic),133,12,0.09,4,0.03,2,0.015
2020-11-30,<Other>,referral,(referral),455,55,0.121,27,0.059,14,0.031
2020-11-30,google,cpc,<Other>,225,23,0.102,9,0.04,7,0.031
2020-11-30,google,organic,(organic),1410,112,0.079,67,0.048,35,0.025
2020-11-30,shop.googlemerchandisestore.com,referral,(referral),355,37,0.104,27,0.076,17,0.048
2020-12-01,(data deleted),(data deleted),(data deleted),318,35,0.11,20,0.063,14,0.044
2020-12-01,(data deleted),(data deleted),<Other>,10,0,0.0,0,0.0,0,0.0
2020-12-01,(direct),(none),(direct),1113,104,0.093,56,0.05,23,0.021
2020-12-01,<Other>,(data deleted),(data deleted),5,1,0.2,0,0.0,0,0.0
2020-12-01,<Other>,<Other>,<Other>,684,64,0.094,34,0.05,17,0.025
2020-12-01,<Other>,organic,(organic),124,11,0.089,3,0.024,0,0.0
2020-12-01,<Other>,referral,(referral),484,46,0.095,26,0.054,12,0.025
2020-12-01,google,cpc,<Other>,202,19,0.094,9,0.045,3,0.015
2020-12-01,google,organic,(organic),1533,142,0.093,64,0.042,21,0.014
2020-12-01,shop.googlemerchandisestore.com,referral,(referral),439,35,0.08,19,0.043,9,0.021
2020-12-02,(data deleted),(data deleted),(data deleted),321,29,0.09,18,0.056,9,0.028
2020-12-02,(data deleted),(data deleted),<Other>,7,1,0.143,1,0.143,1,0.143
2020-12-02,(direct),(none),(direct),1077,90,0.084,44,0.041,14,0.013
2020-12-02,<Other>,(data deleted),(data deleted),10,1,0.1,1,0.1,0,0.0
2020-12-02,<Other>,<Other>,<Other>,644,60,0.093,33,0.051,10,0.016
2020-12-02,<Other>,organic,(organic),141,4,0.028,2,0.014,1,0.007
2020-12-02,<Other>,referral,(referral),427,28,0.066,15,0.035,6,0.014
2020-12-02,google,cpc,<Other>,213,19,0.089,9,0.042,5,0.023
2020-12-02,google,organic,(organic),1491,121,0.081,63,0.042,21,0.014
2020-12-02,shop.googlemerchandisestore.com,referral,(referral),428,38,0.089,21,0.049,9,0.021
2020-12-03,(data deleted),(data deleted),(data deleted),329,28,0.085,14,0.043,8,0.024
2020-12-03,(data deleted),(data deleted),<Other>,3,1,0.333,0,0.0,0,0.0
2020-12-03,(direct),(none),(direct),1161,93,0.08,50,0.043,20,0.017
2020-12-03,<Other>,(data deleted),(data deleted),3,0,0.0,0,0.0,0,0.0
2020-12-03,<Other>,<Other>,<Other>,697,56,0.08,30,0.043,12,0.017
2020-12-03,<Other>,organic,(organic),150,13,0.087,9,0.06,4,0.027
2020-12-03,<Other>,referral,(referral),486,35,0.072,18,0.037,8,0.016
2020-12-03,google,cpc,<Other>,227,14,0.062,10,0.044,1,0.004
2020-12-03,google,organic,(organic),1641,125,0.076,71,0.043,22,0.013
2020-12-03,shop.googlemerchandisestore.com,referral,(referral),443,35,0.079,23,0.052,10,0.023
2020-12-04,(data deleted),(data deleted),(data deleted),325,38,0.117,14,0.043,8,0.025
2020-12-04,(data deleted),(data deleted),<Other>,5,0,0.0,0,0.0,0,0.0
2020-12-04,(direct),(none),(direct),1096,68,0.062,39,0.036,12,0.011
2020-12-04,<Other>,(data deleted),(data deleted),5,1,0.2,0,0.0,0,0.0
2020-12-04,<Other>,<Other>,<Other>,602,51,0.085,22,0.037,6,0.01
2020-12-04,<Other>,organic,(organic),129,7,0.054,4,0.031,1,0.008
2020-12-04,<Other>,referral,(referral),430,39,0.091,17,0.04,8,0.019
2020-12-04,google,cpc,<Other>,204,18,0.088,7,0.034,3,0.015
2020-12-04,google,organic,(organic),1486,118,0.079,69,0.046,34,0.023
2020-12-04,shop.googlemerchandisestore.com,referral,(referral),393,42,0.107,26,0.066,14,0.036
2020-12-05,(data deleted),(data deleted),(data deleted),177,22,0.124,14,0.079,10,0.056
2020-12-05,(data deleted),(data deleted),<Other>,5,0,0.0,0,0.0,0,0.0
2020-12-05,(direct),(none),(direct),838,69,0.082,43,0.051,18,0.021
2020-12-05,<Other>,(data deleted),(data deleted),6,0,0.0,0,0.0,0,0.0
2020-12-05,<Other>,<Other>,<Other>,520,44,0.085,29,0.056,7,0.013
2020-12-05,<Other>,organic,(organic),86,2,0.023,0,0.0,0,0.0
2020-12-05,<Other>,referral,(referral),296,29,0.098,16,0.054,7,0.024
2020-12-05,google,cpc,<Other>,176,13,0.074,5,0.028,1,0.006
2020-12-05,google,organic,(organic),1078,83,0.077,46,0.043,23,0.021
2020-12-05,shop.googlemerchandisestore.com,referral,(referral),280,31,0.111,17,0.061,9,0.032
2020-12-06,(data deleted),(data deleted),(data deleted),201,22,0.109,13,0.065,7,0.035
2020-12-06,(data deleted),(data deleted),<Other>,5,0,0.0,0,0.0,0,0.0
2020-12-06,(direct),(none),(direct),754,54,0.072,31,0.041,8,0.011
2020-12-06,<Other>,(data deleted),(data deleted),1,0,0.0,0,0.0,0,0.0
2020-12-06,<Other>,<Other>,<Other>,496,34,0.069,16,0.032,4,0.008
2020-12-06,<Other>,organic,(organic),94,12,0.128,7,0.074,1,0.011
2020-12-06,<Other>,referral,(referral),333,26,0.078,17,0.051,5,0.015
2020-12-06,google,cpc,<Other>,151,8,0.053,1,0.007,0,0.0
2020-12-06,google,organic,(organic),1005,76,0.076,37,0.037,10,0.01
2020-12-06,shop.googlemerchandisestore.com,referral,(referral),262,26,0.099,17,0.065,6,0.023
2020-12-07,(data deleted),(data deleted),(data deleted),372,33,0.089,27,0.073,15,0.04
2020-12-07,(data deleted),(data deleted),<Other>,12,0,0.0,0,0.0,0,0.0
2020-12-07,(direct),(none),(direct),1264,104,0.082,53,0.042,20,0.016
2020-12-07,<Other>,(data deleted),(data deleted),12,1,0.083,2,0.167,1,0.083
2020-12-07,<Other>,<Other>,<Other>,750,47,0.063,26,0.035,10,0.013
2020-12-07,<Other>,organic,(organic),162,9,0.056,2,0.012,2,0.012
2020-12-07,<Other>,referral,(referral),522,29,0.056,16,0.031,11,0.021
2020-12-07,google,cpc,<Other>,238,15,0.063,10,0.042,6,0.025
2020-12-07,google,organic,(organic),1635,102,0.062,48,0.029,18,0.011
2020-12-07,shop.googlemerchandisestore.com,referral,(referral),442,29,0.066,16,0.036,10,0.023
2020-12-08,(data deleted),(data deleted),(data deleted),439,45,0.103,28,0.064,13,0.03
2020-12-08,(data deleted),(data deleted),<Other>,6,1,0.167,1,0.167,0,0.0
2020-12-08,(direct),(none),(direct),1741,123,0.071,73,0.042,27,0.016
2020-12-08,<Other>,(data deleted),(data deleted),9,1,0.111,0,0.0,0,0.0
2020-12-08,<Other>,<Other>,<Other>,1120,54,0.048,32,0.029,12,0.011
2020-12-08,<Other>,organic,(organic),179,8,0.045,6,0.034,2,0.011
2020-12-08,<Other>,referral,(referral),745,41,0.055,27,0.036,13,0.017
2020-12-08,google,cpc,<Other>,332,18,0.054,9,0.027,5,0.015
2020-12-08,google,organic,(organic),2366,126,0.053,61,0.026,20,0.008
2020-12-08,shop.googlemerchandisestore.com,referral,(referral),585,47,0.08,28,0.048,15,0.026
2020-12-09,(data deleted),(data deleted),(data deleted),371,38,0.102,24,0.065,13,0.035
2020-12-09,(data deleted),(data deleted),<Other>,10,0,0.0,0,0.0,0,0.0
2020-12-09,(direct),(none),(direct),1404,101,0.072,53,0.038,29,0.021
2020-12-09,<Other>,(data deleted),(data deleted),6,0,0.0,0,0.0,0,0.0
2020-12-09,<Other>,<Other>,<Other>,908,44,0.048,27,0.03,14,0.015
2020-12-09,<Other>,organic,(organic),189,17,0.09,10,0.053,6,0.032
2020-12-09,<Other>,referral,(referral),576,39,0.068,25,0.043,11,0.019
2020-12-09,google,cpc,<Other>,246,10,0.041,5,0.02,2,0.008
2020-12-09,google,organic,(organic),1949,127,0.065,79,0.041,41,0.021
2020-12-09,shop.googlemerchandisestore.com,referral,(referral),548,45,0.082,32,0.058,17,0.031
2020-12-10,(data deleted),(data deleted),(data deleted),368,42,0.114,28,0.076,22,0.06
2020-12-10,(data deleted),(data deleted),<Other>,11,1,0.091,0,0.0,0,0.0
2020-12-10,(data deleted),referral,(referral),1,0,0.0,0,0.0,0,0.0
2020-12-10,(direct),(none),(direct),1335,94,0.07,56,0.042,28,0.021
2020-12-10,<Other>,(data deleted),(data deleted),8,0,0.0,0,0.0,0,0.0
2020-12-10,<Other>,<Other>,<Other>,839,51,0.061,27,0.032,9,0.011
2020-12-10,<Other>,organic,(organic),159,8,0.05,4,0.025,2,0.013
2020-12-10,<Other>,referral,(referral),595,47,0.079,31,0.052,14,0.024
2020-12-10,google,cpc,<Other>,266,13,0.049,7,0.026,2,0.008
2020-12-10,google,organic,(organic),1716,126,0.073,74,0.043,32,0.019
2020-12-10,shop.googlemerchandisestore.com,referral,(referral),460,44,0.096,25,0.054,15,0.033
2020-12-11,(data deleted),(data deleted),(data deleted),353,41,0.116,27,0.076,18,0.051
2020-12-11,(data deleted),(data deleted),<Other>,6,1,0.167,0,0.0,0,0.0
2020-12-11,(direct),(none),(direct),1213,109,0.09,61,0.05,32,0.026
2020-12-11,<Other>,(data deleted),(data deleted),1,0,0.0,0,0.0,0,0.0
2020-12-11,<Other>,<Other>,<Other>,826,58,0.07,26,0.031,12,0.015
2020-12-11,<Other>,organic,(organic),141,12,0.085,6,0.043,6,0.043
2020-12-11,<Other>,referral,(referral),551,35,0.064,24,0.044,12,0.022
2020-12-11,google,cpc,<Other>,256,16,0.063,11,0.043,7,0.027
2020-12-11,google,organic,(organic),1692,101,0.06,68,0.04,35,0.021
2020-12-11,shop.googlemerchandisestore.com,referral,(referral),437,41,0.094,30,0.069,19,0.043
2020-12-12,(data deleted),(data deleted),(data deleted),193,21,0.109,20,0.104,16,0.083
2020-12-12,(data deleted),(data deleted),<Other>,6,2,0.333,1,0.167,1,0.167
2020-12-12,(direct),(none),(direct),919,90,0.098,54,0.059,27,0.029
2020-12-12,<Other>,(data deleted),(data deleted),3,1,0.333,1,0.333,1,0.333
2020-12-12,<Other>,<Other>,<Other>,652,33,0.051,22,0.034,10,0.015
2020-12-12,<Other>,organic,(organic),123,9,0.073,5,0.041,3,0.024
2020-12-12,<Other>,referral,(referral),415,27,0.065,18,0.043,7,0.017
2020-12-12,google,cpc,<Other>,195,17,0.087,7,0.036,2,0.01
2020-12-12,google,organic,(organic),1267,87,0.069,49,0.039,24,0.019
2020-12-12,shop.googlemerchandisestore.com,referral,(referral),314,24,0.076,14,0.045,8,0.025
2020-12-13,(data deleted),(data deleted),(data deleted),163,16,0.098,9,0.055,8,0.049
2020-12-13,(data deleted),(data deleted),<Other>,3,1,0.333,0,0.0,0,0.0
2020-12-13,(direct),(none),(direct),864,55,0.064,21,0.024,10,0.012
2020-12-13,<Other>,(data deleted),(data deleted),1,0,0.0,0,0.0,0,0.0
2020-12-13,<Other>,<Other>,<Other>,548,35,0.064,27,0.049,12,0.022
2020-12-13,<Other>,organic,(organic),119,9,0.076,3,0.025,1,0.008
2020-12-13,<Other>,referral,(referral),337,24,0.071,14,0.042,5,0.015
2020-12-13,google,cpc,<Other>,164,11,0.067,6,0.037,1,0.006
2020-12-13,google,organic,(organic),1231,84,0.068,44,0.036,19,0.015
2020-12-13,shop.googlemerchandisestore.com,referral,(referral),236,17,0.072,9,0.038,6,0.025
2020-12-14,(data deleted),(data deleted),(data deleted),274,32,0.117,15,0.055,11,0.04
2020-12-14,(data deleted),(data deleted),<Other>,6,3,0.5,3,0.5,2,0.333
2020-12-14,(direct),(none),(direct),1195,81,0.068,44,0.037,14,0.012
2020-12-14,<Other>,(data deleted),(data deleted),4,0,0.0,0,0.0,0,0.0
2020-12-14,<Other>,<Other>,<Other>,696,48,0.069,22,0.032,12,0.017
2020-12-14,<Other>,organic,(organic),139,6,0.043,0,0.0,0,0.0
2020-12-14,<Other>,referral,(referral),478,30,0.063,21,0.044,8,0.017
2020-12-14,google,cpc,<Other>,214,19,0.089,8,0.037,2,0.009
2020-12-14,google,organic,(organic),1626,113,0.069,52,0.032,24,0.015
2020-12-14,shop.googlemerchandisestore.com,referral,(referral),416,41,0.099,20,0.048,12,0.029
2020-12-15,(data deleted),(data deleted),(data deleted),360,37,0.103,19,0.053,13,0.036
2020-12-15,(data deleted),(data deleted),<Other>,7,4,0.571,1,0.143,1,0.143
2020-12-15,(direct),(none),(direct),1299,91,0.07,44,0.034,27,0.021
2020-12-15,<Other>,(data deleted),(data deleted),10,1,0.1,0,0.0,0,0.0
2020-12-15,<Other>,<Other>,<Other>,811,50,0.062,20,0.025,11,0.014
2020-12-15,<Other>,organic,(organic),157,12,0.076,4,0.025,2,0.013
2020-12-15,<Other>,referral,(referral),550,44,0.08,16,0.029,8,0.015
2020-12-15,google,cpc,<Other>,256,11,0.043,6,0.023,4,0.016
2020-12-15,google,organic,(organic),1737,113,0.065,60,0.035,34,0.02
2020-12-15,shop.googlemerchandisestore.com,referral,(referral),491,40,0.081,21,0.043,18,0.037
2020-12-16,(data deleted),(data deleted),(data deleted),347,40,0.115,31,0.089,21,0.061
2020-12-16,(data deleted),(data deleted),<Other>,7,1,0.143,1,0.143,1,0.143
2020-12-16,(direct),(none),(direct),1264,88,0.07,44,0.035,32,0.025
2020-12-16,<Other>,(data deleted),(data deleted),5,0,0.0,0,0.0,0,0.0
2020-12-16,<Other>,<Other>,<Other>,762,31,0.041,12,0.016,6,0.008
2020-12-16,<Other>,cpc,<Other>,1,1,1.0,0,0.0,0,0.0
2020-12-16,<Other>,organic,(organic),151,4,0.026,2,0.013,2,0.013
2020-12-16,<Other>,referral,(referral),527,28,0.053,14,0.027,9,0.017
2020-12-16,google,cpc,<Other>,241,10,0.041,5,0.021,3,0.012
2020-12-16,google,organic,(organic),1706,83,0.049,46,0.027,24,0.014
2020-12-16,shop.googlemerchandisestore.com,referral,(referral),474,46,0.097,26,0.055,16,0.034
2020-12-17,(data deleted),(data deleted),(data deleted),316,35,0.111,18,0.057,14,0.044
2020-12-17,(data deleted),(data deleted),<Other>,8,2,0.25,2,0.25,1,0.125
2020-12-17,(direct),(none),(direct),1234,77,0.062,33,0.027,21,0.017
2020-12-17,<Other>,(data deleted),(data deleted),9,1,0.111,1,0.111,0,0.0
2020-12-17,<Other>,<Other>,<Other>,768,32,0.042,15,0.02,4,0.005
2020-12-17,<Other>,organic,(organic),132,11,0.083,6,0.045,3,0.023
2020-12-17,<Other>,referral,(referral),523,28,0.054,11,0.021,8,0.015
2020-12-17,google,cpc,<Other>,252,14,0.056,7,0.028,5,0.02
2020-12-17,google,organic,(organic),1647,105,0.064,44,0.027,27,0.016
2020-12-17,shop.googlemerchandisestore.com,referral,(referral),393,31,0.079,15,0.038,10,0.025
2020-12-18,(data deleted),(data deleted),(data deleted),230,37,0.161,22,0.096,13,0.057
2020-12-18,(data deleted),(data deleted),<Other>,9,0,0.0,0,0.0,0,0.0
2020-12-18,(direct),(none),(direct),1149,74,0.064,33,0.029,21,0.018
2020-12-18,<Other>,(data deleted),(data deleted),4,1,0.25,0,0.0,0,0.0
2020-12-18,<Other>,<Other>,<Other>,719,44,0.061,21,0.029,10,0.014
2020-12-18,<Other>,organic,(organic),130,6,0.046,1,0.008,1,0.008
2020-12-18,<Other>,referral,(referral),449,35,0.078,11,0.024,3,0.007
2020-12-18,google,cpc,<Other>,185,4,0.022,4,0.022,2,0.011
2020-12-18,google,organic,(organic),1527,84,0.055,47,0.031,20,0.013
2020-12-18,shop.googlemerchandisestore.com,referral,(referral),380,34,0.089,14,0.037,8,0.021
2020-12-19,(data deleted),(data deleted),(data deleted),171,19,0.111,9,0.053,7,0.041
2020-12-19,(data deleted),(data deleted),<Other>,2,0,0.0,0,0.0,0,0.0
2020-12-19,(direct),(none),(direct),886,47,0.053,24,0.027,11,0.012
2020-12-19,<Other>,(data deleted),(data deleted),2,1,0.5,1,0.5,0,0.0
2020-12-19,<Other>,<Other>,<Other>,534,25,0.047,8,0.015,1,0.002
2020-12-19,<Other>,organic,(organic),93,1,0.011,1,0.011,0,0.0
2020-12-19,<Other>,referral,(referral),349,12,0.034,6,0.017,3,0.009
2020-12-19,google,cpc,<Other>,177,11,0.062,5,0.028,2,0.011
2020-12-19,google,organic,(organic),1094,59,0.054,27,0.025,13,0.012
2020-12-19,shop.googlemerchandisestore.com,referral,(referral),250,8,0.032,7,0.028,2,0.008
2020-12-20,(data deleted),(data deleted),(data deleted),156,8,0.051,6,0.038,2,0.013
2020-12-20,(data deleted),(data deleted),<Other>,4,1,0.25,0,0.0,0,0.0
2020-12-20,(direct),(none),(direct),756,27,0.036,9,0.012,2,0.003
2020-12-20,<Other>,(data deleted),(data deleted),3,0,0.0,0,0.0,0,0.0
2020-12-20,<Other>,<Other>,<Other>,503,18,0.036,6,0.012,1,0.002
2020-12-20,<Other>,organic,(organic),93,1,0.011,0,0.0,0,0.0
2020-12-20,<Other>,referral,(referral),293,8,0.027,6,0.02,3,0.01
2020-12-20,google,cpc,<Other>,140,2,0.014,0,0.0,0,0.0
2020-12-20,google,organic,(organic),1060,42,0.04,18,0.017,8,0.008
2020-12-20,shop.googlemerchandisestore.com,referral,(referral),239,18,0.075,6,0.025,2,0.008
2020-12-21,(data deleted),(data deleted),(data deleted),229,24,0.105,9,0.039,3,0.013
2020-12-21,(data deleted),(data deleted),<Other>,4,0,0.0,0,0.0,0,0.0
2020-12-21,(direct),(none),(direct),899,48,0.053,28,0.031,18,0.02
2020-12-21,<Other>,(data deleted),(data deleted),5,0,0.0,0,0.0,0,0.0
2020-12-21,<Other>,<Other>,<Other>,588,16,0.027,7,0.012,4,0.007
2020-12-21,<Other>,organic,(organic),102,10,0.098,4,0.039,4,0.039
2020-12-21,<Other>,referral,(referral),409,22,0.054,11,0.027,6,0.015
2020-12-21,google,cpc,<Other>,160,3,0.019,2,0.013,2,0.013
2020-12-21,google,organic,(organic),1242,56,0.045,22,0.018,11,0.009
2020-12-21,shop.googlemerchandisestore.com,referral,(referral),312,21,0.067,6,0.019,2,0.006
2020-12-22,(data deleted),(data deleted),(data deleted),235,21,0.089,10,0.043,8,0.034
2020-12-22,(data deleted),(data deleted),<Other>,3,0,0.0,0,0.0,0,0.0
2020-12-22,(direct),(none),(direct),838,48,0.057,24,0.029,13,0.016
2020-12-22,<Other>,(data deleted),(data deleted),9,1,0.111,0,0.0,0,0.0
2020-12-22,<Other>,<Other>,<Other>,570,40,0.07,15,0.026,9,0.016
2020-12-22,<Other>,organic,(organic),117,6,0.051,2,0.017,0,0.0
2020-12-22,<Other>,referral,(referral),353,25,0.071,9,0.025,6,0.017
2020-12-22,google,cpc,<Other>,157,6,0.038,2,0.013,0,0.0
2020-12-22,google,organic,(organic),1197,57,0.048,24,0.02,11,0.009
2020-12-22,shop.googlemerchandisestore.com,referral,(referral),312,13,0.042,9,0.029,8,0.026
2020-12-23,(data deleted),(data deleted),(data deleted),186,31,0.167,15,0.081,9,0.048
2020-12-23,(data deleted),(data deleted),<Other>,6,1,0.167,1,0.167,1,0.167
2020-12-23,(direct),(none),(direct),777,47,0.06,19,0.024,10,0.013
2020-12-23,<Other>,(data deleted),(data deleted),2,1,0.5,1,0.5,1,0.5
2020-12-23,<Other>,<Other>,<Other>,528,25,0.047,9,0.017,5,0.009
2020-12-23,<Other>,organic,(organic),104,4,0.038,4,0.038,1,0.01
2020-12-23,<Other>,referral,(referral),327,16,0.049,5,0.015,3,0.009
2020-12-23,google,cpc,<Other>,144,7,0.049,4,0.028,1,0.007
2020-12-23,google,organic,(organic),1074,56,0.052,24,0.022,16,0.015
2020-12-23,shop.googlemerchandisestore.com,referral,(referral),258,17,0.066,8,0.031,6,0.023
2020-12-24,(data deleted),(data deleted),(data deleted),116,11,0.095,9,0.078,7,0.06
2020-12-24,(data deleted),(data deleted),<Other>,2,0,0.0,0,0.0,0,0.0
2020-12-24,(direct),(none),(direct),626,21,0.034,8,0.013,3,0.005
2020-12-24,<Other>,(data deleted),(data deleted),1,0,0.0,0,0.0,0,0.0
2020-12-24,<Other>,<Other>,<Other>,456,8,0.018,5,0.011,4,0.009
2020-12-24,<Other>,organic,(organic),89,4,0.045,1,0.011,0,0.0
2020-12-24,<Other>,referral,(referral),260,13,0.05,3,0.012,1,0.004
2020-12-24,google,cpc,<Other>,145,9,0.062,2,0.014,2,0.014
2020-12-24,google,organic,(organic),877,25,0.029,7,0.008,3,0.003
2020-12-24,shop.googlemerchandisestore.com,referral,(referral),201,10,0.05,4,0.02,2,0.01
2020-12-25,(data deleted),(data deleted),(data deleted),93,14,0.151,8,0.086,3,0.032
2020-12-25,(data deleted),(data deleted),<Other>,1,1,1.0,0,0.0,0,0.0
2020-12-25,(direct),(none),(direct),590,12,0.02,7,0.012,4,0.007
2020-12-25,<Other>,(data deleted),(data deleted),1,0,0.0,0,0.0,0,0.0
2020-12-25,<Other>,<Other>,<Other>,408,12,0.029,4,0.01,0,0.0
2020-12-25,<Other>,organic,(organic),69,2,0.029,1,0.014,1,0.014
2020-12-25,<Other>,referral,(referral),264,15,0.057,4,0.015,2,0.008
2020-12-25,google,cpc,<Other>,144,2,0.014,1,0.007,1,0.007
2020-12-25,google,organic,(organic),867,16,0.018,8,0.009,4,0.005
2020-12-25,shop.googlemerchandisestore.com,referral,(referral),186,5,0.027,3,0.016,2,0.011
2020-12-26,(data deleted),(data deleted),(data deleted),94,5,0.053,2,0.021,1,0.011
2020-12-26,(data deleted),(data deleted),<Other>,2,0,0.0,0,0.0,0,0.0
2020-12-26,(direct),(none),(direct),646,18,0.028,4,0.006,3,0.005
2020-12-26,<Other>,(data deleted),(data deleted),2,0,0.0,0,0.0,0,0.0
2020-12-26,<Other>,<Other>,<Other>,425,13,0.031,2,0.005,1,0.002
2020-12-26,<Other>,organic,(organic),75,1,0.013,1,0.013,1,0.013
2020-12-26,<Other>,referral,(referral),233,6,0.026,2,0.009,1,0.004
2020-12-26,google,cpc,<Other>,126,3,0.024,0,0.0,0,0.0
2020-12-26,google,organic,(organic),881,23,0.026,9,0.01,6,0.007
2020-12-26,shop.googlemerchandisestore.com,referral,(referral),167,6,0.036,4,0.024,2,0.012
2020-12-27,(data deleted),(data deleted),(data deleted),105,13,0.124,8,0.076,4,0.038
2020-12-27,(data deleted),(data deleted),<Other>,3,0,0.0,0,0.0,0,0.0
2020-12-27,(direct),(none),(direct),607,22,0.036,8,0.013,4,0.007
2020-12-27,<Other>,(data deleted),(data deleted),2,1,0.5,0,0.0,0,0.0
2020-12-27,<Other>,<Other>,<Other>,404,9,0.022,2,0.005,1,0.002
2020-12-27,<Other>,organic,(organic),66,4,0.061,0,0.0,0,0.0
2020-12-27,<Other>,referral,(referral),256,12,0.047,6,0.023,3,0.012
2020-12-27,google,cpc,<Other>,124,1,0.008,0,0.0,0,0.0
2020-12-27,google,organic,(organic),902,28,0.031,10,0.011,5,0.006
2020-12-27,shop.googlemerchandisestore.com,referral,(referral),177,5,0.028,4,0.023,3,0.017
2020-12-28,(data deleted),(data deleted),(data deleted),158,12,0.076,6,0.038,6,0.038
2020-12-28,(data deleted),(data deleted),<Other>,2,0,0.0,0,0.0,0,0.0
2020-12-28,(direct),(none),(direct),782,35,0.045,17,0.022,9,0.012
2020-12-28,<Other>,(data deleted),(data deleted),3,1,0.333,0,0.0,0,0.0
2020-12-28,<Other>,<Other>,<Other>,493,11,0.022,2,0.004,2,0.004
2020-12-28,<Other>,organic,(organic),120,2,0.017,2,0.017,1,0.008
2020-12-28,<Other>,referral,(referral),322,8,0.025,0,0.0,0,0.0
2020-12-28,google,cpc,<Other>,150,7,0.047,2,0.013,1,0.007
2020-12-28,google,organic,(organic),1055,41,0.039,15,0.014,11,0.01
2020-12-28,shop.googlemerchandisestore.com,referral,(referral),244,8,0.033,3,0.012,3,0.012
2020-12-29,(data deleted),(data deleted),(data deleted),166,11,0.066,5,0.03,2,0.012
2020-12-29,(data deleted),(data deleted),<Other>,1,0,0.0,0,0.0,0,0.0
2020-12-29,(direct),(none),(direct),818,29,0.035,12,0.015,6,0.007
2020-12-29,<Other>,(data deleted),(data deleted),2,0,0.0,0,0.0,0,0.0
2020-12-29,<Other>,<Other>,<Other>,522,18,0.034,6,0.011,4,0.008
2020-12-29,<Other>,organic,(organic),106,5,0.047,0,0.0,0,0.0
2020-12-29,<Other>,referral,(referral),307,13,0.042,3,0.01,1,0.003
2020-12-29,google,cpc,<Other>,156,3,0.019,0,0.0,0,0.0
2020-12-29,google,organic,(organic),1094,30,0.027,9,0.008,5,0.005
2020-12-29,shop.googlemerchandisestore.com,referral,(referral),228,17,0.075,7,0.031,3,0.013
2020-12-30,(data deleted),(data deleted),(data deleted),132,14,0.106,6,0.045,5,0.038
2020-12-30,(data deleted),(data deleted),<Other>,1,0,0.0,0,0.0,0,0.0
2020-12-30,(direct),(none),(direct),751,23,0.031,6,0.008,3,0.004
2020-12-30,<Other>,<Other>,<Other>,460,11,0.024,4,0.009,2,0.004
2020-12-30,<Other>,organic,(organic),98,4,0.041,1,0.01,0,0.0
2020-12-30,<Other>,referral,(referral),333,9,0.027,1,0.003,0,0.0
2020-12-30,google,<Other>,<Other>,1,0,0.0,0,0.0,0,0.0
2020-12-30,google,cpc,<Other>,134,3,0.022,0,0.0,0,0.0
2020-12-30,google,organic,(organic),1019,36,0.035,13,0.013,7,0.007
2020-12-30,shop.googlemerchandisestore.com,referral,(referral),253,12,0.047,7,0.028,4,0.016
2020-12-31,(data deleted),(data deleted),(data deleted),112,10,0.089,7,0.063,4,0.036
2020-12-31,(data deleted),(data deleted),<Other>,2,0,0.0,0,0.0,0,0.0
2020-12-31,(direct),(none),(direct),612,16,0.026,5,0.008,2,0.003
2020-12-31,<Other>,<Other>,<Other>,388,10,0.026,7,0.018,2,0.005
2020-12-31,<Other>,organic,(organic),90,4,0.044,2,0.022,0,0.0
2020-12-31,<Other>,referral,(referral),228,10,0.044,6,0.026,5,0.022
2020-12-31,google,cpc,<Other>,118,6,0.051,2,0.017,1,0.008
2020-12-31,google,organic,(organic),862,23,0.027,9,0.01,5,0.006
2020-12-31,shop.googlemerchandisestore.com,referral,(referral),175,13,0.074,5,0.029,3,0.017
2021-01-01,(data deleted),(data deleted),(data deleted),85,5,0.059,2,0.024,2,0.024
2021-01-01,(data deleted),(data deleted),<Other>,3,0,0.0,0,0.0,0,0.0
2021-01-01,(direct),(none),(direct),564,23,0.041,8,0.014,5,0.009
2021-01-01,<Other>,(data deleted),(data deleted),2,0,0.0,0,0.0,0,0.0
2021-01-01,<Other>,<Other>,<Other>,377,7,0.019,6,0.016,0,0.0
2021-01-01,<Other>,organic,(organic),64,1,0.016,0,0.0,0,0.0
2021-01-01,<Other>,referral,(referral),211,6,0.028,1,0.005,1,0.005
2021-01-01,google,cpc,<Other>,103,2,0.019,1,0.01,1,0.01
2021-01-01,google,organic,(organic),746,20,0.027,8,0.011,3,0.004
2021-01-01,shop.googlemerchandisestore.com,referral,(referral),134,3,0.022,0,0.0,0,0.0
2021-01-02,(data deleted),(data deleted),(data deleted),96,4,0.042,5,0.052,1,0.01
2021-01-02,(data deleted),(data deleted),<Other>,3,0,0.0,0,0.0,0,0.0
2021-01-02,(direct),(none),(direct),633,14,0.022,5,0.008,2,0.003
2021-01-02,<Other>,<Other>,<Other>,428,17,0.04,6,0.014,2,0.005
2021-01-02,<Other>,organic,(organic),72,0,0.0,0,0.0,0,0.0
2021-01-02,<Other>,referral,(referral),281,6,0.021,3,0.011,2,0.007
2021-01-02,google,cpc,<Other>,147,1,0.007,0,0.0,0,0.0
2021-01-02,google,organic,(organic),896,19,0.021,12,0.013,6,0.007
2021-01-02,shop.googlemerchandisestore.com,referral,(referral),149,3,0.02,1,0.007,1,0.007
2021-01-03,(data deleted),(data deleted),(data deleted),92,7,0.076,4,0.043,3,0.033
2021-01-03,(data deleted),(data deleted),<Other>,4,0,0.0,0,0.0,0,0.0
2021-01-03,(direct),(none),(direct),634,11,0.017,5,0.008,2,0.003
2021-01-03,<Other>,(data deleted),(data deleted),2,0,0.0,0,0.0,0,0.0
2021-01-03,<Other>,<Other>,<Other>,476,13,0.027,8,0.017,4,0.008
2021-01-03,<Other>,organic,(organic),91,1,0.011,0,0.0,0,0.0
2021-01-03,<Other>,referral,(referral),280,3,0.011,1,0.004,1,0.004
2021-01-03,google,cpc,<Other>,109,1,0.009,2,0.018,1,0.009
2021-01-03,google,organic,(organic),891,15,0.017,7,0.008,1,0.001
2021-01-03,shop.googlemerchandisestore.com,referral,(referral),174,6,0.034,4,0.023,2,0.011
2021-01-04,(data deleted),(data deleted),(data deleted),143,8,0.056,4,0.028,3,0.021
2021-01-04,(data deleted),(data deleted),<Other>,3,0,0.0,0,0.0,0,0.0
2021-01-04,(direct),(none),(direct),784,15,0.019,7,0.009,4,0.005
2021-01-04,<Other>,(data deleted),(data deleted),3,0,0.0,0,0.0,0,0.0
2021-01-04,<Other>,<Other>,<Other>,510,11,0.022,4,0.008,1,0.002
2021-01-04,<Other>,organic,(organic),94,2,0.021,1,0.011,0,0.0
2021-01-04,<Other>,referral,(referral),323,15,0.046,3,0.009,1,0.003
2021-01-04,google,cpc,<Other>,162,2,0.012,0,0.0,0,0.0
2021-01-04,google,organic,(organic),1066,39,0.037,10,0.009,5,0.005
2021-01-04,shop.googlemerchandisestore.com,referral,(referral),229,6,0.026,0,0.0,0,0.0
2021-01-05,(data deleted),(data deleted),(data deleted),176,9,0.051,5,0.028,5,0.028
2021-01-05,(direct),(none),(direct),1021,28,0.027,7,0.007,4,0.004
2021-01-05,<Other>,(data deleted),(data deleted),2,0,0.0,0,0.0,0,0.0
2021-01-05,<Other>,<Other>,<Other>,664,19,0.029,3,0.005,1,0.002
2021-01-05,<Other>,organic,(organic),130,4,0.031,0,0.0,0,0.0
2021-01-05,<Other>,referral,(referral),438,17,0.039,9,0.021,1,0.002
2021-01-05,google,cpc,<Other>,197,9,0.046,2,0.01,1,0.005
2021-01-05,google,organic,(organic),1476,45,0.03,20,0.014,13,0.009
2021-01-05,shop.googlemerchandisestore.com,referral,(referral),306,19,0.062,7,0.023,3,0.01
2021-01-06,(data deleted),(data deleted),(data deleted),263,15,0.057,8,0.03,2,0.008
2021-01-06,(data deleted),(data deleted),<Other>,8,1,0.125,1,0.125,1,0.125
2021-01-06,(direct),(none),(direct),1408,36,0.026,14,0.01,8,0.006
2021-01-06,<Other>,(data deleted),(data deleted),4,0,0.0,0,0.0,0,0.0
2021-01-06,<Other>,<Other>,<Other>,902,25,0.028,7,0.008,3,0.003
2021-01-06,<Other>,organic,(organic),187,5,0.027,2,0.011,1,0.005
2021-01-06,<Other>,referral,(referral),567,19,0.034,9,0.016,6,0.011
2021-01-06,google,cpc,<Other>,261,10,0.038,2,0.008,1,0.004
2021-01-06,google,organic,(organic),1930,53,0.027,17,0.009,4,0.002
2021-01-06,shop.googlemerchandisestore.com,referral,(referral),421,12,0.029,4,0.01,1,0.002
2021-01-07,(data deleted),(data deleted),(data deleted),239,14,0.059,10,0.042,5,0.021
2021-01-07,(data deleted),(data deleted),<Other>,4,1,0.25,0,0.0,0,0.0
2021-01-07,(direct),(none),(direct),1061,43,0.041,13,0.012,7,0.007
2021-01-07,<Other>,(data deleted),(data deleted),1,0,0.0,0,0.0,0,0.0
2021-01-07,<Other>,<Other>,<Other>,680,24,0.035,5,0.007,1,0.001
2021-01-07,<Other>,organic,(organic),136,3,0.022,1,0.007,1,0.007
2021-01-07,<Other>,referral,(referral),406,10,0.025,3,0.007,1,0.002
2021-01-07,google,cpc,<Other>,206,5,0.024,1,0.005,0,0.0
2021-01-07,google,organic,(organic),1539,51,0.033,21,0.014,10,0.006
2021-01-07,shop.googlemerchandisestore.com,referral,(referral),335,21,0.063,6,0.018,0,0.0
2021-01-08,(data deleted),(data deleted),(data deleted),213,18,0.085,7,0.033,2,0.009
2021-01-08,(data deleted),(data deleted),<Other>,8,0,0.0,0,0.0,0,0.0
2021-01-08,(direct),(none),(direct),1006,38,0.038,19,0.019,13,0.013
2021-01-08,<Other>,(data deleted),(data deleted),3,0,0.0,0,0.0,0,0.0
2021-01-08,<Other>,<Other>,<Other>,619,16,0.026,7,0.011,5,0.008
2021-01-08,<Other>,organic,(organic),136,6,0.044,3,0.022,2,0.015
2021-01-08,<Other>,referral,(referral),401,14,0.035,7,0.017,3,0.007
2021-01-08,google,cpc,<Other>,183,8,0.044,3,0.016,3,0.016
2021-01-08,google,organic,(organic),1337,38,0.028,9,0.007,3,0.002
2021-01-08,shop.googlemerchandisestore.com,referral,(referral),311,18,0.058,7,0.023,2,0.006
2021-01-09,(data deleted),(data deleted),(data deleted),147,11,0.075,3,0.02,3,0.02
2021-01-09,(data deleted),(data deleted),<Other>,1,0,0.0,0,0.0,0,0.0
2021-01-09,(direct),(none),(direct),757,28,0.037,8,0.011,2,0.003
2021-01-09,<Other>,<Other>,<Other>,485,17,0.035,5,0.01,1,0.002
2021-01-09,<Other>,organic,(organic),103,2,0.019,1,0.01,1,0.01
2021-01-09,<Other>,referral,(referral),304,8,0.026,8,0.026,5,0.016
2021-01-09,google,cpc,<Other>,134,4,0.03,2,0.015,1,0.007
2021-01-09,google,organic,(organic),1067,28,0.026,7,0.007,3,0.003
2021-01-09,shop.googlemerchandisestore.com,referral,(referral),241,10,0.041,4,0.017,2,0.008
2021-01-10,(data deleted),(data deleted),(data deleted),120,3,0.025,1,0.008,0,0.0
2021-01-10,(data deleted),(data deleted),<Other>,3,1,0.333,1,0.333,1,0.333
2021-01-10,(direct),(none),(direct),702,16,0.023,7,0.01,5,0.007
2021-01-10,<Other>,(data deleted),(data deleted),4,1,0.25,0,0.0,0,0.0
2021-01-10,<Other>,<Other>,<Other>,479,15,0.031,7,0.015,3,0.006
2021-01-10,<Other>,organic,(organic),100,3,0.03,2,0.02,0,0.0
2021-01-10,<Other>,referral,(referral),245,12,0.049,2,0.008,0,0.0
2021-01-10,google,cpc,<Other>,153,2,0.013,0,0.0,0,0.0
2021-01-10,google,organic,(organic),968,23,0.024,7,0.007,3,0.003
2021-01-10,shop.googlemerchandisestore.com,referral,(referral),200,7,0.035,6,0.03,3,0.015
2021-01-11,(data deleted),(data deleted),(data deleted),208,9,0.043,4,0.019,1,0.005
2021-01-11,(data deleted),(data deleted),<Other>,3,2,0.667,1,0.333,1,0.333
2021-01-11,(direct),(none),(direct),896,32,0.036,12,0.013,8,0.009
2021-01-11,<Other>,<Other>,<Other>,624,26,0.042,11,0.018,3,0.005
2021-01-11,<Other>,organic,(organic),116,4,0.034,2,0.017,1,0.009
2021-01-11,<Other>,referral,(referral),367,18,0.049,4,0.011,3,0.008
2021-01-11,google,cpc,<Other>,162,6,0.037,4,0.025,2,0.012
2021-01-11,google,organic,(organic),1266,46,0.036,10,0.008,5,0.004
2021-01-11,shop.googlemerchandisestore.com,referral,(referral),273,16,0.059,5,0.018,2,0.007
2021-01-12,(data deleted),(data deleted),(data deleted),246,11,0.045,10,0.041,5,0.02
2021-01-12,(data deleted),(data deleted),<Other>,5,1,0.2,0,0.0,0,0.0
2021-01-12,(direct),(none),(direct),1084,35,0.032,16,0.015,12,0.011
2021-01-12,<Other>,(data deleted),(data deleted),5,0,0.0,0,0.0,0,0.0
2021-01-12,<Other>,<Other>,<Other>,721,24,0.033,10,0.014,6,0.008
2021-01-12,<Other>,organic,(organic),137,7,0.051,4,0.029,1,0.007
2021-01-12,<Other>,referral,(referral),462,21,0.045,6,0.013,2,0.004
2021-01-12,google,cpc,<Other>,202,2,0.01,2,0.01,1,0.005
2021-01-12,google,organic,(organic),1475,55,0.037,24,0.016,10,0.007
2021-01-12,shop.googlemerchandisestore.com,referral,(referral),340,13,0.038,7,0.021,6,0.018
2021-01-13,(data deleted),(data deleted),(data deleted),236,18,0.076,12,0.051,7,0.03
2021-01-13,(data deleted),(data deleted),<Other>,3,1,0.333,1,0.333,1,0.333
2021-01-13,(direct),(none),(direct),1078,37,0.034,11,0.01,5,0.005
2021-01-13,<Other>,(data deleted),(data deleted),3,0,0.0,0,0.0,0,0.0
2021-01-13,<Other>,<Other>,<Other>,676,21,0.031,9,0.013,4,0.006
2021-01-13,<Other>,organic,(organic),146,6,0.041,1,0.007,0,0.0
2021-01-13,<Other>,referral,(referral),424,15,0.035,9,0.021,5,0.012
2021-01-13,google,cpc,<Other>,215,5,0.023,2,0.009,2,0.009
2021-01-13,google,organic,(organic),1377,58,0.042,32,0.023,8,0.006
2021-01-13,shop.googlemerchandisestore.com,referral,(referral),319,11,0.034,7,0.022,3,0.009
2021-01-14,(data deleted),(data deleted),(data deleted),225,16,0.071,9,0.04,5,0.022
2021-01-14,(data deleted),(data deleted),<Other>,2,0,0.0,0,0.0,0,0.0
2021-01-14,(direct),(none),(direct),1038,51,0.049,22,0.021,9,0.009
2021-01-14,<Other>,(data deleted),(data deleted),6,0,0.0,0,0.0,0,0.0
2021-01-14,<Other>,<Other>,<Other>,626,19,0.03,6,0.01,5,0.008
2021-01-14,<Other>,organic,(organic),135,6,0.044,1,0.007,0,0.0
2021-01-14,<Other>,referral,(referral),395,19,0.048,7,0.018,5,0.013
2021-01-14,google,cpc,<Other>,187,8,0.043,0,0.0,0,0.0
2021-01-14,google,organic,(organic),1359,55,0.04,24,0.018,13,0.01
2021-01-14,shop.googlemerchandisestore.com,referral,(referral),348,27,0.078,13,0.037,9,0.026
2021-01-15,(data deleted),(data deleted),(data deleted),190,11,0.058,3,0.016,2,0.011
2021-01-15,(data deleted),(data deleted),<Other>,6,1,0.167,1,0.167,1,0.167
2021-01-15,(direct),(none),(direct),937,35,0.037,17,0.018,10,0.011
2021-01-15,<Other>,(data deleted),(data deleted),2,0,0.0,0,0.0,0,0.0
2021-01-15,<Other>,<Other>,<Other>,593,19,0.032,9,0.015,4,0.007
2021-01-15,<Other>,organic,(organic),108,6,0.056,2,0.019,1,0.009
2021-01-15,<Other>,referral,(referral),383,20,0.052,7,0.018,3,0.008
2021-01-15,google,cpc,<Other>,160,8,0.05,2,0.013,1,0.006
2021-01-15,google,organic,(organic),1246,49,0.039,25,0.02,14,0.011
2021-01-15,shop.googlemerchandisestore.com,referral,(referral),268,15,0.056,4,0.015,2,0.007
2021-01-16,(data deleted),(data deleted),(data deleted),128,12,0.094,7,0.055,3,0.023
2021-01-16,(data deleted),(data deleted),<Other>,4,1,0.25,0,0.0,0,0.0
2021-01-16,(direct),(none),(direct),768,33,0.043,15,0.02,4,0.005
2021-01-16,<Other>,(data deleted),(data deleted),3,0,0.0,0,0.0,0,0.0
2021-01-16,<Other>,<Other>,<Other>,482,19,0.039,2,0.004,2,0.004
2021-01-16,<Other>,organic,(organic),96,2,0.021,0,0.0,0,0.0
2021-01-16,<Other>,referral,(referral),330,13,0.039,5,0.015,3,0.009
2021-01-16,google,cpc,<Other>,117,6,0.051,2,0.017,1,0.009
2021-01-16,google,organic,(organic),1000,30,0.03,17,0.017,9,0.009
2021-01-16,shop.googlemerchandisestore.com,referral,(referral),218,3,0.014,3,0.014,2,0.009
2021-01-17,(data deleted),(data deleted),(data deleted),137,7,0.051,5,0.036,2,0.015
2021-01-17,(data deleted),(data deleted),<Other>,4,0,0.0,0,0.0,0,0.0
2021-01-17,(direct),(none),(direct),686,16,0.023,7,0.01,0,0.0
2021-01-17,<Other>,<Other>,<Other>,438,12,0.027,6,0.014,3,0.007
2021-01-17,<Other>,organic,(organic),78,5,0.064,1,0.013,0,0.0
2021-01-17,<Other>,referral,(referral),289,12,0.042,4,0.014,1,0.003
2021-01-17,google,cpc,<Other>,129,3,0.023,0,0.0,0,0.0
2021-01-17,google,organic,(organic),1004,26,0.026,9,0.009,6,0.006
2021-01-17,shop.googlemerchandisestore.com,referral,(referral),195,8,0.041,2,0.01,2,0.01
2021-01-18,(data deleted),(data deleted),(data deleted),172,11,0.064,5,0.029,1,0.006
2021-01-18,(data deleted),(data deleted),<Other>,1,0,0.0,0,0.0,0,0.0
2021-01-18,(direct),(none),(direct),804,22,0.027,9,0.011,3,0.004
2021-01-18,<Other>,(data deleted),(data deleted),2,0,0.0,0,0.0,0,0.0
2021-01-18,<Other>,<Other>,<Other>,567,17,0.03,4,0.007,3,0.005
2021-01-18,<Other>,organic,(organic),84,0,0.0,0,0.0,0,0.0
2021-01-18,<Other>,referral,(referral),313,5,0.016,4,0.013,2,0.006
2021-01-18,google,cpc,<Other>,156,3,0.019,2,0.013,0,0.0
2021-01-18,google,organic,(organic),1187,37,0.031,16,0.013,7,0.006
2021-01-18,shop.googlemerchandisestore.com,referral,(referral),275,13,0.047,6,0.022,2,0.007
2021-01-19,(data deleted),(data deleted),(data deleted),208,20,0.096,10,0.048,8,0.038
2021-01-19,(data deleted),(data deleted),<Other>,8,0,0.0,1,0.125,0,0.0
2021-01-19,(direct),(none),(direct),946,44,0.047,22,0.023,13,0.014
2021-01-19,<Other>,(data deleted),(data deleted),2,0,0.0,0,0.0,0,0.0
2021-01-19,<Other>,<Other>,<Other>,603,16,0.027,5,0.008,3,0.005
2021-01-19,<Other>,organic,(organic),142,6,0.042,1,0.007,0,0.0
2021-01-19,<Other>,referral,(referral),381,14,0.037,6,0.016,5,0.013
2021-01-19,google,cpc,<Other>,177,2,0.011,0,0.0,0,0.0
2021-01-19,google,organic,(organic),1309,54,0.041,30,0.023,14,0.011
2021-01-19,shop.googlemerchandisestore.com,referral,(referral),370,19,0.051,6,0.016,3,0.008
2021-01-20,(data deleted),(data deleted),(data deleted),271,20,0.074,15,0.055,11,0.041
2021-01-20,(data deleted),(data deleted),<Other>,9,1,0.111,1,0.111,0,0.0
2021-01-20,(direct),(none),(direct),1106,50,0.045,30,0.027,18,0.016
2021-01-20,<Other>,(data deleted),(data deleted),5,1,0.2,1,0.2,1,0.2
2021-01-20,<Other>,<Other>,<Other>,706,34,0.048,21,0.03,16,0.023
2021-01-20,<Other>,organic,(organic),144,8,0.056,8,0.056,3,0.021
2021-01-20,<Other>,referral,(referral),465,24,0.052,13,0.028,9,0.019
2021-01-20,google,cpc,<Other>,198,4,0.02,3,0.015,2,0.01
2021-01-20,google,organic,(organic),1476,73,0.049,33,0.022,23,0.016
2021-01-20,shop.googlemerchandisestore.com,referral,(referral),347,25,0.072,15,0.043,11,0.032
2021-01-21,(data deleted),(data deleted),(data deleted),258,20,0.078,14,0.054,8,0.031
2021-01-21,(data deleted),(data deleted),<Other>,5,3,0.6,2,0.4,0,0.0
2021-01-21,(direct),(none),(direct),1057,60,0.057,19,0.018,9,0.009
2021-01-21,<Other>,(data deleted),(data deleted),4,0,0.0,0,0.0,0,0.0
2021-01-21,<Other>,<Other>,<Other>,690,22,0.032,11,0.016,2,0.003
2021-01-21,<Other>,organic,(organic),138,6,0.043,1,0.007,1,0.007
2021-01-21,<Other>,referral,(referral),452,27,0.06,13,0.029,7,0.015
2021-01-21,google,cpc,<Other>,223,6,0.027,1,0.004,1,0.004
2021-01-21,google,organic,(organic),1452,50,0.034,27,0.019,15,0.01
2021-01-21,shop.googlemerchandisestore.com,referral,(referral),360,22,0.061,15,0.042,7,0.019
2021-01-22,(data deleted),(data deleted),(data deleted),227,14,0.062,13,0.057,7,0.031
2021-01-22,(data deleted),(data deleted),<Other>,6,0,0.0,1,0.167,1,0.167
2021-01-22,(direct),(none),(direct),946,42,0.044,25,0.026,14,0.015
2021-01-22,<Other>,(data deleted),(data deleted),5,0,0.0,0,0.0,0,0.0
2021-01-22,<Other>,<Other>,<Other>,574,28,0.049,15,0.026,9,0.016
2021-01-22,<Other>,organic,(organic),125,5,0.04,2,0.016,2,0.016
2021-01-22,<Other>,referral,(referral),398,19,0.048,8,0.02,6,0.015
2021-01-22,google,cpc,<Other>,198,16,0.081,12,0.061,8,0.04
2021-01-22,google,organic,(organic),1215,63,0.052,51,0.042,29,0.024
2021-01-22,shop.googlemerchandisestore.com,referral,(referral),337,23,0.068,19,0.056,13,0.039
2021-01-23,(data deleted),(data deleted),(data deleted),143,10,0.07,9,0.063,7,0.049
2021-01-23,(data deleted),(data deleted),<Other>,3,0,0.0,0,0.0,0,0.0
2021-01-23,(direct),(none),(direct),716,32,0.045,21,0.029,9,0.013
2021-01-23,<Other>,(data deleted),(data deleted),3,1,0.333,0,0.0,0,0.0
2021-01-23,<Other>,<Other>,<Other>,501,23,0.046,9,0.018,3,0.006
2021-01-23,<Other>,organic,(organic),88,2,0.023,1,0.011,1,0.011
2021-01-23,<Other>,referral,(referral),293,15,0.051,9,0.031,5,0.017
2021-01-23,google,cpc,<Other>,146,1,0.007,0,0.0,0,0.0
2021-01-23,google,organic,(organic),944,29,0.031,19,0.02,10,0.011
2021-01-23,shop.googlemerchandisestore.com,referral,(referral),251,13,0.052,9,0.036,5,0.02
2021-01-24,(data deleted),(data deleted),(data deleted),136,9,0.066,4,0.029,2,0.015
2021-01-24,(data deleted),(data deleted),<Other>,4,1,0.25,1,0.25,1,0.25
2021-01-24,(direct),(none),(direct),684,24,0.035,12,0.018,6,0.009
2021-01-24,<Other>,(data deleted),(data deleted),3,0,0.0,0,0.0,0,0.0
2021-01-24,<Other>,<Other>,<Other>,422,14,0.033,6,0.014,3,0.007
2021-01-24,<Other>,organic,(organic),83,1,0.012,0,0.0,0,0.0
2021-01-24,<Other>,referral,(referral),293,16,0.055,10,0.034,3,0.01
2021-01-24,google,cpc,<Other>,142,3,0.021,3,0.021,2,0.014
2021-01-24,google,organic,(organic),928,32,0.034,23,0.025,12,0.013
2021-01-24,shop.googlemerchandisestore.com,referral,(referral),233,12,0.052,8,0.034,6,0.026
2021-01-25,(data deleted),(data deleted),(data deleted),216,15,0.069,10,0.046,5,0.023
2021-01-25,(data deleted),(data deleted),<Other>,9,1,0.111,0,0.0,0,0.0
2021-01-25,(direct),(none),(direct),874,33,0.038,17,0.019,12,0.014
2021-01-25,<Other>,(data deleted),(data deleted),2,0,0.0,0,0.0,0,0.0
2021-01-25,<Other>,<Other>,<Other>,583,21,0.036,12,0.021,7,0.012
2021-01-25,<Other>,organic,(organic),108,3,0.028,2,0.019,2,0.019
2021-01-25,<Other>,referral,(referral),348,12,0.034,9,0.026,8,0.023
2021-01-25,google,cpc,<Other>,174,5,0.029,4,0.023,4,0.023
2021-01-25,google,organic,(organic),1248,43,0.034,20,0.016,13,0.01
2021-01-25,shop.googlemerchandisestore.com,referral,(referral),300,13,0.043,9,0.03,6,0.02
2021-01-26,(data deleted),(data deleted),(data deleted),259,11,0.042,12,0.046,9,0.035
2021-01-26,(data deleted),(data deleted),<Other>,7,0,0.0,0,0.0,0,0.0
2021-01-26,(direct),(none),(direct),895,33,0.037,26,0.029,13,0.015
2021-01-26,<Other>,(data deleted),(data deleted),5,0,0.0,0,0.0,0,0.0
2021-01-26,<Other>,<Other>,<Other>,596,16,0.027,4,0.007,1,0.002
2021-01-26,<Other>,organic,(organic),116,5,0.043,2,0.017,2,0.017
2021-01-26,<Other>,referral,(referral),381,12,0.031,7,0.018,4,0.01
2021-01-26,google,cpc,<Other>,192,5,0.026,4,0.021,1,0.005
2021-01-26,google,organic,(organic),1277,45,0.035,19,0.015,11,0.009
2021-01-26,shop.googlemerchandisestore.com,referral,(referral),320,13,0.041,8,0.025,6,0.019
2021-01-27,(data deleted),(data deleted),(data deleted),274,13,0.047,14,0.051,6,0.022
2021-01-27,(data deleted),(data deleted),<Other>,6,0,0.0,0,0.0,0,0.0
2021-01-27,(direct),(none),(direct),958,55,0.057,25,0.026,9,0.009
2021-01-27,<Other>,(data deleted),(data deleted),5,0,0.0,0,0.0,0,0.0
2021-01-27,<Other>,<Other>,<Other>,612,32,0.052,17,0.028,7,0.011
2021-01-27,<Other>,organic,(organic),130,7,0.054,5,0.038,1,0.008
2021-01-27,<Other>,referral,(referral),411,19,0.046,10,0.024,6,0.015
2021-01-27,google,cpc,<Other>,178,6,0.034,2,0.011,1,0.006
2021-01-27,google,organic,(organic),1357,49,0.036,18,0.013,6,0.004
2021-01-27,shop.googlemerchandisestore.com,referral,(referral),340,19,0.056,13,0.038,5,0.015
2021-01-28,(data deleted),(data deleted),(data deleted),247,27,0.109,14,0.057,12,0.049
2021-01-28,(data deleted),(data deleted),<Other>,2,0,0.0,0,0.0,0,0.0
2021-01-28,(direct),(none),(direct),988,39,0.039,20,0.02,13,0.013
2021-01-28,<Other>,(data deleted),(data deleted),3,0,0.0,0,0.0,0,0.0
2021-01-28,<Other>,<Other>,<Other>,592,24,0.041,7,0.012,5,0.008
2021-01-28,<Other>,organic,(organic),117,4,0.034,1,0.009,1,0.009
2021-01-28,<Other>,referral,(referral),395,18,0.046,9,0.023,5,0.013
2021-01-28,google,cpc,<Other>,167,9,0.054,6,0.036,1,0.006
2021-01-28,google,organic,(organic),1209,31,0.026,18,0.015,10,0.008
2021-01-28,shop.googlemerchandisestore.com,referral,(referral),336,19,0.057,9,0.027,6,0.018
2021-01-29,(data deleted),(data deleted),(data deleted),225,18,0.08,11,0.049,6,0.027
2021-01-29,(data deleted),(data deleted),<Other>,4,0,0.0,0,0.0,0,0.0
2021-01-29,(direct),(none),(direct),880,41,0.047,28,0.032,16,0.018
2021-01-29,<Other>,(data deleted),(data deleted),2,0,0.0,0,0.0,0,0.0
2021-01-29,<Other>,<Other>,<Other>,537,19,0.035,9,0.017,3,0.006
2021-01-29,<Other>,organic,(organic),123,7,0.057,1,0.008,0,0.0
2021-01-29,<Other>,referral,(referral),348,12,0.034,10,0.029,8,0.023
2021-01-29,google,cpc,<Other>,156,10,0.064,4,0.026,1,0.006
2021-01-29,google,organic,(organic),1181,35,0.03,18,0.015,11,0.009
2021-01-29,shop.googlemerchandisestore.com,referral,(referral),285,17,0.06,10,0.035,8,0.028
2021-01-30,(data deleted),(data deleted),(data deleted),153,9,0.059,8,0.052,4,0.026
2021-01-30,(direct),(none),(direct),664,29,0.044,13,0.02,8,0.012
2021-01-30,<Other>,(data deleted),(data deleted),2,0,0.0,0,0.0,0,0.0
2021-01-30,<Other>,<Other>,<Other>,413,12,0.029,5,0.012,1,0.002
2021-01-30,<Other>,organic,(organic),94,2,0.021,0,0.0,0,0.0
2021-01-30,<Other>,referral,(referral),276,8,0.029,2,0.007,2,0.007
2021-01-30,google,cpc,<Other>,129,4,0.031,0,0.0,0,0.0
2021-01-30,google,organic,(organic),863,29,0.034,16,0.019,6,0.007
2021-01-30,shop.googlemerchandisestore.com,referral,(referral),213,11,0.052,6,0.028,4,0.019
2021-01-31,(data deleted),(data deleted),(data deleted),137,8,0.058,3,0.022,2,0.015
2021-01-31,(data deleted),(data deleted),<Other>,5,1,0.2,1,0.2,0,0.0
2021-01-31,(direct),(none),(direct),631,30,0.048,14,0.022,7,0.011
2021-01-31,<Other>,(data deleted),(data deleted),3,0,0.0,0,0.0,0,0.0
2021-01-31,<Other>,<Other>,<Other>,404,17,0.042,10,0.025,4,0.01
2021-01-31,<Other>,organic,(organic),67,1,0.015,1,0.015,0,0.0
2021-01-31,<Other>,referral,(referral),256,4,0.016,4,0.016,0,0.0
2021-01-31,google,cpc,<Other>,152,0,0.0,0,0.0,0,0.0
2021-01-31,google,organic,(organic),888,31,0.035,15,0.017,4,0.005
2021-01-31,shop.googlemerchandisestore.com,referral,(referral),215,8,0.037,6,0.028,1,0.005