page_path,user_session_count,purchase_count,visit_to_purchase
/,109555,2421,0.022
/Google+Redesign/Apparel/Google+Dino+Game+Tee,11356,1,0.0
/Google+Redesign/Apparel/Hats,1015,23,0.023
/store-policies/frequently-asked-questions/,2318,4,0.002
/Google+Redesign/Apparel,22335,132,0.006
/Google+Redesign/Shop+by+Brand/YouTube,16974,61,0.004
/store,9290,93,0.01
/Google+Redesign/Bags/Google+Flat+Front+Bag+Grey,165,14,0.085
/Google+Redesign/Lifestyle/Drinkware,3737,33,0.009
/Google+Redesign/Apparel/Mens,3664,147,0.04
/Google+Redesign/Apparel/YouTube+Icon+Hoodie+Black,1712,5,0.003
/Google+Redesign/Accessories/Android+Large+Removable+Sticker+Sheet,62,0,0.0
/google+redesign/shop+by+brand/youtube,800,0,0.0
/signin,3171,73,0.023
/store-policies/shipping-information/,282,1,0.004
/Google+Redesign/Stationery/Stickers,1549,8,0.005
/Google+Redesign/Shop+by+Brand/Google,2802,152,0.054
/Google+Redesign/bags/backpacks/,1079,1,0.001
/Google+Redesign/Apparel/Mens/Mens+T+Shirts,4753,43,0.009
/Google+Redesign/Lifestyle/Bags,2634,19,0.007
/Google+Redesign/Apparel/Flamingo+and+Friends+Tee+Blue,26,0,0.0
/Google+Redesign/Clearance,2298,63,0.027
/Google+Redesign/Apparel/Google+Heathered+Pom+Beanie,74,7,0.095
/Google+Redesign/Accessories,1175,0,0.0
/Google+Redesign/New,2005,48,0.024
/Google+Redesign/Apparel/YouTube+Twill+Cap+Sandwich+Black,103,4,0.039
/Google+Redesign/Stationery/Notebooks,383,7,0.018
/Google+Redesign/Bags/Google+Utility+BackPack,425,2,0.005
/Google+Redesign/Accessories/Housewares,7,0,0.0
/Google+Redesign/Apparel/Womens,907,52,0.057
/Google+Redesign/Accessories/Google+Campus+Bike,637,4,0.006
/Google+Redesign/Shop+by+Brand/Android,513,3,0.006
/Google+Redesign/Drinkware/Google+KeepCup,81,1,0.012
/ordercompleted,628,26,0.041
/Google+Redesign/Apparel/Socks,567,11,0.019
/Google+Redesign/Stationery/Writing,190,4,0.021
/payment,200,68,0.34
/Google+Redesign/Office/Google+Clear+Pen+4pack,43,5,0.116
/Google+Redesign/Apparel/Google+Leather+Strap+Hat+Black,87,0,0.0
/Google+Redesign/Campus+Collection,952,13,0.014
/Google+Redesign/Accessories/Noogler+Android+Figure+2019,613,9,0.015
/basket,2694,252,0.094
/Google+Redesign/Accessories/Google+Chrome+Dinosaur+Collectible,929,7,0.008
/google+redesign/apparel/mens/quickview,271,0,0.0
/revieworder,74,19,0.257
/Google+Redesign/Office/Writing/Maze+Pen,77,3,0.039
/Google+Redesign/Bags,211,0,0.0
/Google+Redesign/Lifestyle/Google+Bear+Baby+Blanket+Beige,464,15,0.032
/Eco/Organic+Basic+T-Shirt,4,0,0.0
/Google+Redesign/Apparel/Google+Womens+Google+Striped+LS,29,1,0.034
/google+redesign/apparel/mens,281,0,0.0
/Google+Redesign/Apparel/Google+Zip+Hoodie+FC,490,11,0.022
/Google+Redesign/Apparel/Google+Land+and+Sea+Unisex+Tee,85,2,0.024
/Google+Redesign/Drinkware/Google+Glass+Bottle,94,5,0.053
/Google+Redesign/Bags/Google+Incognito+Messenger+Bag,60,0,0.0
/asearch,1064,15,0.014
/Google+Redesign/Drinkware/Water+Bottles,434,2,0.005
/Google+Redesign/Office,614,1,0.002
/Google+Redesign/Apparel/YouTube+Standards+Zip+Hoodie+Black,81,7,0.086
/google+redesign/lifestyle/bags/quickview,11,0,0.0
/Google+Redesign/Bags/Google+Incognito+Zippack+V2,133,1,0.008
/Google Redesign/eco friendly,2,0,0.0
/Google+Redesign/Apparel/Google+Badge+Heavyweight+Pullover+Black,160,5,0.031
/Google+Redesign/Apparel/Google+Google+Blue+Kids+Sunglasses,10,0,0.0
/Google+Redesign/Apparel/Google+Womens+Microfleece+Jacket+Black,32,0,0.0
/Google+Redesign/Office/Notebooks+Journals/Google+Metallic+Notebook+Set,166,3,0.018
/Google+Redesign/Google+Crew+Sweater+Navy,227,9,0.04
/Google+Redesign/Lifestyle/Google+Land+and+Sea+Nalgene+Water+Bottle+LS,214,12,0.056
/Google+Redesign/eco+friendly,923,25,0.027
/google+redesign/bags/google+utility+backpack,28,0,0.0
/Google+Redesign/Apparel/Google+Womens+Puff+Jacket+Black,94,6,0.064
/Google+Redesign/Apparel/Google+Womens+Tech+Fleece+Grey,36,4,0.111
/Google+Redesign/Bags/Google+Incognito+Techpack+V2,71,1,0.014
/Google+Redesign/Drinkware/Stainless+Straight+Straw+and+Cleaner,16,0,0.0
/Google+Redesign/Apparel/Kids,668,23,0.034
/Google+Redesign/Office/Google+ApPeel+Journal+Red,11,0,0.0
/Google+Redesign/Lifestyle,540,6,0.011
/Google+Redesign/Google+Land+and+Sea+Mug,45,2,0.044
/Google+Redesign/Apparel/Android+Iconic+Hat+White,19,1,0.053
/google+redesign/shop+by+brand/google,13,0,0.0
/google+redesign/electronics,222,0,0.0
/Google+Redesign/Accessories/Google+Cork+Tablet+Case,43,2,0.047
/Google+Redesign/Apparel/Google+Youth+Hero+Tee+Maroon,2,0,0.0
/yourinfo,227,40,0.176
/Google+Redesign/Accessories/Google+Mouse+Pad+Navy,22,0,0.0
/Google+Redesign/Lifestyle/Small+Goods,485,20,0.041
/Google Redesign/Lifestyle/Bags,108,0,0.0
/Google+Redesign/Apparel/Womens/Womens+T+Shirts,67,0,0.0
/store-policies/return-policy/,295,2,0.007
/eco/organic+cotton+infant+bodysuit+-+white,4,0,0.0
/clearance/clearance-accessories/,62,0,0.0
/Google+Redesign/Apparel/Google+Google+Summer19+Crew+Grey,26,3,0.115
//Google+Redesign/Office/Writing/Maze+Pen,78,0,0.0
/Google+Redesign/Apparel/Google+Land+and+Sea+Cotton+Cap+LS,70,2,0.029
/google+redesign/apparel/hats,67,0,0.0
/Google+Redesign/Apparel/Google+SF+Campus+Ladies+Tee,4,0,0.0
/Google+Redesign/Shop+by+Brand/I+am+Remarkable,21,0,0.0
/Google Redesign/Accessories,20,0,0.0
/Google+Redesign/Drinkware/Google+Woodtop+Bottle+Black,54,3,0.056
/Google+Redesign/Drinkware/Google+Canteen+Bottle+Black,62,5,0.081
/Google Redesign/Office,36,0,0.0
/Google+Redesign/Bags/Google+Utility+Bag+Grey,26,1,0.038
/Google+Redesign/Accessories/Google+Keychain+19,89,0,0.0
/Google+Redesign/Apparel/Google+FC+Longsleeve+Charcoal,81,4,0.049
/Google+Redesign/Accessories/Google+Inverted+Umbrella,48,1,0.021
/Google+Redesign/Apparel/Android+Pocket+Tee+Navy,51,3,0.059
/Google+Redesign/Apparel/Google+Red+Speckled+Tee,18,1,0.056
/Google+Redesign/Stationery,495,4,0.008
/Google+Redesign/Accessories/Google+Pride+Sticker,19,0,0.0
/myaccount,507,8,0.016
/Google+Redesign/Bags/Google+Incognito+Flap+Pack,115,1,0.009
/google+redesign/shop+by+brand/youtube/quickview,49,0,0.0
/Google+Redesign/Drinkware/Mugs+Tumblers,559,12,0.021
/Google+Redesign/5k+run/Google+5K+Run+2020+Unisex+Tee,18,0,0.0
/Google+Redesign/Accessories/Google+Magnet,278,1,0.004
/Google+Redesign/Drinkware/Google+16oz+tumbler+blue,13,6,0.462
/Google+Redesign/Drinkware/Google+Cork+Base+Tumbler,36,1,0.028
/google+redesign/bags/google+la+campus+tote,6,0,0.0
/Google+Redesign/Apparel/YouTube+Icon+Tee+Charcoal,61,1,0.016
/Google+Redesign/Apparel/Google+Mens+Softshell+Moss,72,5,0.069
/Google+Redesign/Super+G+Unisex+Joggers,596,40,0.067
/Google Redesign/Super G Unisex Joggers,2,0,0.0
/gpsmap,19,0,0.0
/Google+Redesign/Google+Blue+Stojo+Cup,36,0,0.0
/store-policies/privacy-policy/,20,0,0.0
/Google/storeitem,2,0,0.0
/shop,154,0,0.0
/Google+Redesign/Drinkware/Google+24oz+Ring+Bottle+Blue,12,0,0.0
/google+redesign/office/google+pen+grass+green,6,0,0.0
/Google+Redesign/Apparel/Google+Austin+Campus+Unisex+Tee,5,0,0.0
/Google+Redesign/Small+Goods/Mommy+Works+at+Google+Book,48,2,0.042
/Google+Redesign/Apparel/Google+Cotopaxi+Shell,212,15,0.071
/Google+Redesign/Google+Land+and+Sea+French+Terry+Sweatshirt,85,4,0.047
/Google+Redesign/Bags/Essential+Canvas+Tote,12,1,0.083
/Google+Redesign/Apparel/Google+Tee+Blue,25,0,0.0
/store-policies/frequently-asked-questions/home,37,0,0.0
/Google+Redesign/Accessories/Google+Yellow+YoYo,10,0,0.0
/Google+Redesign/Bags/Google+Large+White+Gift+Bag+5PK,14,0,0.0
/claudiatapia,2,0,0.0
/google+redesign/office/writing+instruments,3,0,0.0
/Google+Redesign/Apparel/Google+Leather+Strap+Hat+Blue,31,0,0.0
/Google+Redesign/Apparel/Google+Mens+Tech+Fleece+Vest+Charcoal,69,4,0.058
/Google+Redesign/Bags/Google+Bike+Mini+Backpack,44,2,0.045
/Google+Greenesign/Apparel/Google+Tee+Green,15,1,0.067
/Google+Redesign/Drinkware/Google+Thermal+Tumbler+Navy,54,3,0.056
/Google+Redesign/Small+Goods/Daddy+Works+at+Google+Book,31,2,0.065
/Google+Redesign/Apparel/Google+Toddler+FC+Tee+Charcoal,8,2,0.25
/google+redesign/brands/android/android+3+in+1+lens+pro,3,0,0.0
/Google+Redesign/bags/shopping+and+Totes,107,0,0.0
/Google+Redesign/Campus+Collection/Google+Mountain+View+Campus+Mug,71,0,0.0
/Google+Redesign/Bags/Google+Packable+Bag+Black,33,4,0.121
/Google+Redesign/Lifestyle/Fun/Malibu+Sunglasses,152,4,0.026
/Google+Redesign/Apparel/Google+Mens+Puff+Jacket+Black,142,3,0.021
/Google+Redesign/Office/Google+Cork+Journal,10,0,0.0
/Google+Redesign/Apparel/Google+Mural+Socks,39,0,0.0
/google+redesign/accessories/android+sm+sticker+sheet,3,0,0.0
/Google+Redesign/Accessories/YouTube+Small+Sticker+Sheet,59,0,0.0
/Google+Redesign/Office/Google+Soft+Modal+Scarf,74,4,0.054
/Google+Redesign/BLM+Unisex+Pullover+Hoodie,213,2,0.009
/Google+Redesign/Brands/Go/,1,0,0.0
/Google+Redesign/Google+Land+and+Sea+Tech+Taco,14,0,0.0
/Google+Redesign/Apparel/Google+Toddler+Tee+White,5,2,0.4
/Google+Redesign/Accessories/Google+Emoji+Sticker+Pack+2+sheet,102,0,0.0
/Google+Redesign/Apparel/Google+Mens+Microfleece+Jacket+Black,83,1,0.012
/Google+Redesign/Campus+Collection/Google+Mountain+View+Campus+Bottle,1,0,0.0
/wishlist,11,0,0.0
/Google+Redesign/Apparel/Google+Raincoat+Navy,73,2,0.027
/Google+Redesign/Office/Google+Pen+White,79,0,0.0
/register,39,0,0.0
/Google+Redesign/Accessories/Google+Blue+YoYo,136,0,0.0
/Google+Redesign/Campus+Collection/Google+Sunnyvale+Campus+Zip+Hoodie,30,0,0.0
/google+redesign/apparel/google+austin+campus+zip+hoodie,1,0,0.0
/Google+Redesign/Wearables/Men+s+T-Shirts/home,3,0,0.0
/Google Redesign/Lifestyle/Drinkware,505,0,0.0
/google+redesign/lifestyle/bags,59,0,0.0
/Google+Redesign/Apparel/Google+Campus+Bike+Eco+Tee+Navy,44,3,0.068
/Google+Redesign/Accessories/Google+Mural+Sticker+Sheet,29,0,0.0
/Google+Redesign/Bags/Google+Large+Tote+White,22,0,0.0
/Google+Redesign/Apparel/Google+Sherpa+Zip+Hoodie+Charcoal,89,2,0.022
/Google+Redesign/Shop+by+Brand,250,3,0.012
/Google+Redesign/Office/Google+Phone+Stand+Bamboo,195,5,0.026
/special-request-form/,217,0,0.0
/Google+Redesign/Gift+Cards,122,2,0.016
/BLM,41,1,0.024
/Google+Redesign/Accessories/Google+PNW+Campus+Sticker,3,0,0.0
/Google+Redesign/Office/Miscellaneous,5,0,0.0
/google,5,0,0.0
/Eco/25oz+Recycled+Infuser+Bottle,1,0,0.0
/Google+Redesign/Drinkware/Google+Super+G+Tumbler+Blue+Lid,20,0,0.0
/Google+Redesign/Drinkware/YouTube+Play+Mug,58,1,0.017
/Google+Redesign/Stationery/Google+Land+and+Sea+Journal+Set,15,0,0.0
/Google+Redesign/Office/Google+Google+Confetti+Task+Pad,79,0,0.0
/Google+Redesign/Apparel/YouTube+Transmission+Journal+Red,33,0,0.0
/Google+Redesign/Campus+Collection/Google+Sunnyvale+Campus+Bottle,13,4,0.308
/Google+Redesign/Office/Google+Google+Campus+Bike+Grid+Task+Pad,2,0,0.0
/Google+Redesign/Apparel/Google+Black+Tee,79,0,0.0
/Google+Redesign/Bags/Google+Mural+Tote,5,0,0.0
/Google+Redesign/Apparel/Google+Sherpa+Zip+Hoodie+Navy,49,1,0.02
/Google+Redesign/Accessories/Google+Wallet+Stand+Black,2,0,0.0
/google+redesign/apparel/mens/,5,0,0.0
/google+redesign/apparel/mens/mens+t+shirts,63,0,0.0
/google+redesign/apparel/google+tudes+recycled+tee,1,0,0.0
/Google+Redesign/Office/Google+Recycled+Writing+Set,6,2,0.333
/store-pol,4,0,0.0
/forgot_password,21,0,0.0
/Google+Redesign/Apparel/Google+Crew+Grey,65,1,0.015
/google+redesign/apparel/youtube+icon+tee+charcoal,66,0,0.0
/store-policies/frequently-asked-questions/storeitem,1,0,0.0
/Google+Redesign/Accessories/Fun,26,0,0.0
/google+redesign/apparel/google+dino+game+tee,73,0,0.0
/Google+Redesign/Drinkware/Google+Boulder+Campus+Mug,5,0,0.0
/Google+Redesign/Apparel/Google+Toddler+FC+Zip+Hoodie,29,0,0.0
/google+redesign/office/google+cork+pencil+pouch,1,0,0.0
/google+redesign/shop+by+brand/google/ðŸ ´ðŸ ´ðŸ ´ðŸ ´bojack horsmanðŸ ´ðŸ ´ðŸ ´ðŸ ´,2,0,0.0
/Google+Redesign/Apparel/Google+Crewneck+Sweatshirt+Green,81,8,0.099
/Google+Redesign/Office/Google+Felt+Refillable+Journal,17,0,0.0
/Google+Redesign/Office/IamRemarkable+Pen,2,0,0.0
/Google+Redesign/Apparel/YouTube+Crew+Socks,88,1,0.011
/pagenotfound,7,0,0.0
/Google+Redesign/5k+run/Google+5K+Run+2020+Womens+Tee,19,2,0.105
/Google+Redesign/Drinkware/Google+SF+Campus+Bottle,10,0,0.0
/google+redesign/drinkware/google+16oz+tumbler+blue,1,0,0.0
/Google+Redesign/Accessories/Google+Clear+Framed+Yellow+Shades,7,1,0.143
/Google+Redesign/Drinkware/Google+Perk+Thermal+Cup,42,4,0.095
/Google+Redesign/Apparel/Google+Mens+Tech+Fleece+Grey,87,3,0.034
/google+redesign/apparel/google+cotopaxi+shell,36,0,0.0
/Google+Redesign/Apparel/Google+Sherpa+Vest+Black,41,0,0.0
/Google+Redesign/Apparel/Android+Pocket+Onesie+White,2,0,0.0
/Google+Redesign/Drinkware/Campus+Corkbase+Mug+Blue,150,0,0.0
/Google+Redesign/Apparel/Google+Crew+Socks,105,2,0.019
/Google+Redesign/Apparel/Google+Tudes+Recycled+Tee,21,0,0.0
/xxxx,5,0,0.0
/Google+Redesign/Lifestyle/Google+Camp+Mug+Gray,17,1,0.059
/Google+Redesign/Apparel/Google+Speckled+Beanie+Navy,24,2,0.083
/Google+Redesign/Office/Google+Recycled+Notebook+Set+Natural,8,0,0.0
/Google+Redesign/Apparel/Google+Chicago+Campus+Ladies+Tee,1,0,0.0
/Google+Redesign/Apparel/Google+Unisex+Eco+Tee+Black,141,6,0.043
/google+redesign/drinkware/google+16oz+glass+bottle+green,2,0,0.0
/google+redesign/accessories/candy+cane+android+cardboard+sculpture,2,0,0.0
/Google+Redesign/Electronics,55,1,0.018
/Google+Redesign/Apparel/Kids/Kids+Infant,91,3,0.033
/google+redesign/accessories/google+medium+pet+leash+red+yellow,2,0,0.0
/Google+Redesign/Office/Google+Google+Color+Block+Notebook,37,0,0.0
/google+redesign/accessories/google+clear+framed+gray+shades,4,0,0.0
/google redesign/accessories/google cork tablet case,8,0,0.0
/Google+Redesign/Drinkware/Android+Buoy+Bottle,51,0,0.0
/google+redesign/accessories/electronic+accessories,2,0,0.0
/Google+Redesign/Apparel/Google+Google+Red+Kids+Sunglasses,8,1,0.125
/Google+Redesign/Bags/Supernatural+Paper+Tote,31,1,0.032
/Google+Redesign/Lifestyle/Google+Land+and+Sea+Tote+Bag,21,0,0.0
/Google+Redesign/Office/Google+pen+grey,1,0,0.0
/Google+Redesign/Accessories/Google+Emoji+Magnet+Set,21,1,0.048
/Google+Redesign/Drinkware/Google+Cup+Cap+Tumbler+Grey,39,4,0.103
/Google+Redesign/Lifestyle/White+Google+Shoreline+Bottle,4,0,0.0
/Google+Redesign/Apparel/Google+Womens+Softshell+Moss,57,3,0.053
/Google+Redesign/Drinkware/Youtube+25oz+gear+cap+bottle+black,36,1,0.028
/Google+Redesign/Apparel/Android+Pocket+Youth+Tee+Navy,10,0,0.0
/Google+Redesign/Accessories/Google+Tech+Taco,32,0,0.0
/Google+Redesign/Drinkware/Google+Mural+Bottle,39,0,0.0
/google+redesign/apparel/google+cambridge+campus+zip+hoodie+sm,5,0,0.0
/google+redesign/accessories/android+puzzlebot+v2,4,0,0.0
/Google+Redesign/Apparel/Google+Navy+Speckled+Tee,28,4,0.143
/Google+Redesign/Bags/Google+Rolltop+Backpack+Blue,1,0,0.0
/Google+Redesign/Brands/YouTube/,29,0,0.0
/tu_cora,1,0,0.0
/Google+Redesign/Apparel/Google+FC+Longsleeve+Ash,72,2,0.028
/Google+Redesign/Apparel/Google+Chicago+Campus+Unisex+Tee,2,2,1.0
/Google+Redesign/Apparel/Google+Split+Seam+Tee+Olive+LG,1,0,0.0
/Google+Redesign/Office/Google+Pen+Neon+Coral,5,0,0.0
/Google+Redesign/Apparel/Android+Iconic+Hat+V2+Black,30,2,0.067
/Google+Redesign/Bags/Google+Hemp+Tote,26,1,0.038
/Google+Redesign/Drinkware/Google+Kirkland+Campus+Mug,12,0,0.0
/Google+Redesign/spring+sale,3,0,0.0
/Google+Redesign/Electronics/Audio,48,0,0.0
/Google+Redesign/Drinkware/Google+Mural+Mug,21,0,0.0
/Google+Redesign/Apparel/IamRemarkable+Hoodie,14,0,0.0
/Google+Redesign/Campus+Collection/Google+Mountain+View+Campus+Zip+Hoodie,58,0,0.0
/google+redesign/kids/youtube+kids+tee+black,4,0,0.0
/Google+Redesign/Office/YouTube+Pen+2Pack,13,0,0.0
/Google+Redesign/Apparel/Google+Tee+Dark+Blue,7,0,0.0
/Google+,13,0,0.0
/Google+Redesign/ApparelGoogle+Beekeepers+Tee+Mint,15,0,0.0
/Google+Redesign/Drinkware/Google+Seattle+Campus+Mug,3,0,0.0
/Google+Redesign/Wearables/Men+s+T-Shirts/,21,0,0.0
/google+redesign/apparel/hats/quickview,6,0,0.0
/home,25,0,0.0
/Google+Redesign/Apparel/Google+Youth+FC+Zip+Hoodie,11,1,0.091
/homeã€‚,6,0,0.0
/Google+Redesign/Apparel/Android+Iconic+Beanie,12,1,0.083
/Google+Redesign/Accessories/Snowflake+Android+Cardboard+Sculpture,24,1,0.042
/Google+Redesign/Office/Google+Sustainable+Pencil+Pouch,22,0,0.0
/Google+Redesign/Bags/Google+Duffel+Bag,1,0,0.0
/Google+Redesign/Accessories/Google+Austin+Campus+Lapel+Pin,1,0,0.0
/google+redesign/apparel/android+iconic+hat+v2+black,1,0,0.0
/Google+Redesign/Accessories/Google+Laptop+Sleeve+Charcoal,31,0,0.0
/google+redesign/apparel/google+youth+jumbo+print+tee+white,1,0,0.0
/Google+Redesign/Bags/Supernatural+Paper+Backpack,40,0,0.0
/store-policies/terms-of-use/,3,0,0.0
/Google+Redesign/Apparel/Google+Tee+FC+Black,26,2,0.077
/Google+Redesign/Apparel/Google+Dino+Game+Teehttps://shop,1,0,0.0
/Google+Redesign/Office/Google+Cork+Pencil+Pouch,8,2,0.25
/google+redesign/apparel/google+navy+speckled+tee+sm,1,0,0.0
/Google+Redesign/Apparel/Google+NYC+Campus+Unisex+Tee,7,0,0.0
/Google+Redesign/Bags/Google+Google+Campus+Bike+Tote+Navy,19,0,0.0
/Google+Redesign/Bags/Google+Mesh+Bag+Blue,22,0,0.0
/google+redesign/nest/nest+usa+/nest+cam+iq+outdoor+usa,1,0,0.0
/uft,20,0,0.0
/Google+Redesign/Bags/Google+Cambridge+Campus+Tote,2,0,0.0
/google+redesign/accessories/google+cork+tablet+case,97,0,0.0
/google redesign/apparel/google infant hero onesie grey,1,0,0.0
/Google+Redesign/Office/Google+Recycled+Pen+Green,3,0,0.0
/google+redesign/office/writing/maze+pen,8,0,0.0
/home-2,4,0,0.0
/Google+Redesign/Stationery/Google+4in+Decal,30,0,0.0
/Google+Redesign/Drinkware/Google+Camp+Mug+Ivory,72,3,0.042
/Google+Redesign/Apparel/Android+Pocket+Youth+Tee+Green,7,0,0.0
/Google+Redesign/Office/Writing/Google+Stylus+Pen+w+LED+Light,87,0,0.0
/google+redesign/apparel/men+s+t-shirts/home,1,0,0.0
/google+redesign/drinkware,20,0,0.0
/google+redesign/new,45,0,0.0
/Probando,4,0,0.0
/Google+Redesign/Apparel/Google+Youth+FC+Tee+Charcoal,16,1,0.063
/Google+Redesign/Apparel/Android+Tone+Hoodie+Black,1,0,0.0
/Google+Redesign/Bags/Google+Small+White+Gift+Bag+5PK,12,2,0.167
/Google+Redesign/Drinkware/Google+Tudes+Thermal+Bottle,5,0,0.0
/Google+Redesign/Bags/Android+Iconic+Backpack,17,0,0.0
/Google+Redesign/Accessories/Google+Red+YoYo,12,2,0.167
/Google+Redesign/Drinkware/Google+Austin+Campus+Bottle,8,0,0.0
/Google+Redsign,9,0,0.0
/google redesign/apparel,4,0,0.0
/Google+Redsign/Shop+by+Brand/Google,16,0,0.0
/Google+Redesign/Apparel/Android+Iconic+Crew,68,5,0.074
/search/GOPHER,1,0,0.0
/Google+Redesign/Accessories/Google+See+no+hear+no+set,39,1,0.026
/Google+Redesign/Apparel/Google+LA+Campus+Zip+Hoodie,14,0,0.0
/Google+Redesign/Office/Google+Light+Up+Pen+Blue,12,0,0.0
/Google+Redesign/Drinkware/Android+Iconic+Glass+Bottle+Green,10,1,0.1
/Google+Redesign/Accessories/Google+Bot,39,0,0.0
/Google+Redesign/Accessories/Google+Cork+Card+Holder,10,0,0.0
/google+redesign/apparel/kids,8,0,0.0
/Google+Redesign/Accessories/Google+Utensil+Set,60,3,0.05
/eco/android+window+pad+notebook,3,0,0.0
/Google+Redesign/Accessories/Google+Seattle+Campus+Lapel+Pin,1,0,0.0
/certi,2,0,0.0
/Google+Redesign/Apparel/Google+Heather+Green+Speckled+Tee,21,3,0.143
/Google+Redesign/Apparel/Google+PNW+Campus+Zip+Hoodie,4,0,0.0
/Google+Redesign/,7,0,0.0
/Google+Redesign/Apparel/Google+Tonal+Tee+Coral,4,0,0.0
/google+redesign/apparel/google+cambridge+campus+zip+hoodie+lg,1,0,0.0
/google+redesign/accessories/google+chrome+dinosaur+collectible,7,0,0.0
/Google+Redesign/Lifestyle/Fun/Google+Kick+Ball,30,0,0.0
/google+redesign/accessories/google+nyc+campus+lapel+pin,2,0,0.0
/google+redesign/apparel/google+nyc+campus+zip+hoodie,3,0,0.0
/registersuccess,30,1,0.033
/Google+Redesign/Apparel/Stan+and+Friends+Tee+Green,23,0,0.0
/google+redesign/apparel/womens/quickview,5,0,0.0
/Google+Yellowesign/Apparel/Google+Tee+Yellow,26,0,0.0
/Google+Redesign/Accessories/Android+Lumberjack+Pin,2,0,0.0
/Google+Redesign/Apparel/Google+Youth+Badge+Tee+Navy,5,0,0.0
/Google+Redesign/Accessories/Google+Lapel+Pin,81,2,0.025
/google+redesign/accessories/fun/android+luggage+tag,2,0,0.0
/Google+Redesign/Apparel/Google+Tracking+Hat,15,0,0.0
/Google+Redesign/Office/Google+Recycled+Pen+Black,7,0,0.0
/Google+Redesign/Apparel/YouTube+Leather+Strap+Hat+Black,32,0,0.0
/Google+Redesign/Apparel/Google+Grey+Tee,11,0,0.0
/Index,2,0,0.0
/Google+Redesign/Apparel/Google+Austin+Campus+Zip+Hoodie,11,0,0.0
/Google+Redesign/Office/Stickers/Google+Laptop+and+Cell+Phone+Stickers,31,0,0.0
/Google+Redesign/Apparel/Google+NYC+Campus+Zip+Hoodie,18,0,0.0
/google+redesign/lifestyle/drinkware,29,0,0.0
/Google+Redesign/Accessories/Google+LoveHandle+Black,22,1,0.045
/google+redesign/lifestyle/fun/google+kick+ball,2,0,0.0
/google+redesign/apparel/youtube+icon+tee+grey,3,0,0.0
/vectoreo,3,0,0.0
/google+redesign/apparel/men++s/men++s+t+shirts,15,0,0.0
"/thankyou/myphpinfo()
",1,0,0.0
/Google+Redesign/Accessories/Google+LA+Campus+Lapel+Pin,13,0,0.0
/google+redesign/accessories/google+tech+taco,2,0,0.0
/store-policies/frequently-asked-questions/returns,2,0,0.0
/Google+Redesign/Apparel/Google+Land+and+Sea+Womens+Eco+Tee,23,0,0.0
/Google+Redesign/Apparel/Android+Pocket+Onesie+Navy,28,2,0.071
/Google+Redesign/Drinkware/Google+Super+G+Tumbler+Red+Lid,31,2,0.065
/Google+Redesign/Apparel/Android+Garden+Tee+Orange,17,0,0.0
/Google+Redesign/Accessories/Google+Clear+Framed+Gray+Shades,10,0,0.0
/Google+Redesign/Office/Android+Small+Trace+Journal+Bl,11,1,0.091
/Google+Redesign/Bags/Google+Incognito+Dopp+Kit+V2,25,1,0.04
/Google+Redesign/Accessories/Google+Maps+Pin,8,0,0.0
/Google+Redesign/Apparel/Google+Google+Premium+Sunglasses,52,1,0.019
/Elliott's M&A Onboarding Test Site,1,0,0.0
/Google+Redesign/Accessories/YouTube+Iconic+Play+Pin,51,0,0.0
/Google+Redesign/Apparel/Google+Infant+Charcoal+Onesie,45,1,0.022
/google+redesign/apparel/google+split+seam+tee+olive,1,0,0.0
/eco/organic+cotton+toddler+tee+-+white,1,0,0.0
/Google+Redesign/Accessories/Google+Medium+Pet+Collar+Red+Yellow,6,0,0.0
/Google+Redesign/Stationery/Google+Jotter+Task+Pad,15,0,0.0
/Google+Redesign/Drinkware/Google+Bike+Bottle,42,1,0.024
/Google+Redesign/Office/Google+Light+Up+Pen+Green,13,0,0.0
/store-policies/ZnJlcXVlbn,1,0,0.0
/Google+Redesign/Apparel/Android+Pocket+Tee+Green,21,0,0.0
/Google Redesign/New,1,0,0.0
/google+redesign/drinkware/youtube+25oz+gear+cap+bottle+black,4,0,0.0
/Google+Redesign/Apparel/Google+Google+Crew+Combed+Cotton+Sock,17,0,0.0
/Wearables/cid=1281/shop,1,0,0.0
/Google+Redesign/Apparel/Google+Speckled+Beanie+Grey,34,4,0.118
/Google+Redesign/Accessories/Google+Large+Pet+Leash+Red+Yellow,10,0,0.0
/new/new-drinkware/,1,0,0.0
/google+redesign/accessoriesyoutube+icon+bundle,1,0,0.0
/Google+Redesign/Accessories/Android+Puzzlebot+v2,70,4,0.057
/Google+Redesign/Nest/Nest-usa,22,0,0.0
/eco/home,8,0,0.0
/testt,1,0,0.0
/google+redesign/lifestyle/drinkware/quickview,4,0,0.0
/google+redesign/apparel/google+womens+outpost+vest,1,0,0.0
/google redesign/apparel/youtube tee black,1,0,0.0
/Google+Redesign/Accessories/Google+Felt+Luggage+Tag,13,0,0.0
/google+redesign/nest/nest-usa,20,0,0.0
/google+redesign/accessories/google+large+pet+leash+red+yellow,1,0,0.0
/y,1,0,0.0
/google+redesign/accessories/google+campus+bike,6,0,0.0
/google+redesign/accessories/bags/google+small+gift+bag+-+mosaic+pattern,2,0,0.0
/google+redesign/electronics/accessories/keyboard+dot+sticker,1,0,0.0
/google+redesign/accessories/bags/home,2,0,0.0
/eco/chrome+alloy+notepad,4,0,0.0
/google+redesign/office/stickers/google+laptop+and+cell+phone+stickers,1,0,0.0
/Google+Redesign/Apparel/Kids/Kids+Toddler,12,0,0.0
/google redesign/gift cards,2,0,0.0
/Google+Redesign/Apparel/Google+Cambridge+Campus+Zip+Hoodie+XL,1,0,0.0
/Google+Redesign/Stationery/Android+Jotter+Task+Pad,5,0,0.0
/canada/store-policies/return-policy/,5,0,0.0
/Google+Redesign/Drinkware,17,0,0.0
/Google+Redsign/Shop+by+Brand,9,0,0.0
/Google+Redesign/Apparel/IamRemarkable+Ladies+T-Shirt,5,0,0.0
/google+redesign/brands/youtube/home,1,0,0.0
/google+redesign/apparel/google+tonal+tee+slate+grey+xl,2,0,0.0
/Google+Redesign/Apparel/Google+Google+Kids+Playful+Tee,9,0,0.0
/google+redesign/shop+by+brand/youtube/home,1,0,0.0
/google+redesign/shop+by+brand/android,6,0,0.0
/Google+RMG+Redesign/Lifestyle/Mural+Food+Container,62,6,0.097
/Google+Redesign/Accessories/Google+NYC+Campus+Sticker,5,0,0.0
/Google+Redesign/Office/Google+Pen+Grass+Green,16,0,0.0
/Google+Redesign/Accessories/Google+Cloth+Pouch+Black,26,1,0.038
/Google+Redesign/Bags/Google+Large+Tote+Canva,4,0,0.0
/Google+Redesign/Apparel/Android+Iconic+Sock,5,0,0.0
/Google+Redesign/Office/Google+Mural+Sticky+Note+Pad,10,0,0.0
/Google Redesign/Apparel/Flamingo and Friends Tee Blue,1,0,0.0
/Google+Redesign/Apparel/Stan+and+Friends+Toddler+Tee+Green,5,1,0.2
/google+redesign/electronics/quickview,1,0,0.0
/Google+Redesign/Drinkware/IamRemarkable+Water+Bottle,5,0,0.0
/Google+Redesign/Lifestyle/Google-Frisbee,14,0,0.0
/Google+Redesign/bags/more+bags,21,0,0.0
/google+redesign/bags/google+utility+,1,0,0.0
/Google+Redesign/Apparel/Google+Leather+Strap+Hat+Black/JaimeX,1,0,0.0
/Google+Redesign/New/jaime,1,0,0.0
/Google+Redesign/Apparel/Google+Womens+Tech+Fleece+Vest+Charcoal,7,0,0.0
/google+redesign/bags/google+utility+backpa,1,0,0.0
/new/new-bags/home,1,0,0.0
/Google+Redesign/Accessories/Android+Techie+3D+Framed+Art,16,0,0.0
/Google+Redesign/Office/Google+Google+Confetti+Slim+Task+Pad,8,0,0.0
/Google+Redesign/Notebooks+Journals/Google+Large+Standard+Journal+Grey,28,0,0.0
/Google+Redesign/Kids/,1,0,0.0
/resetpassword,17,0,0.0
/Google+Redesign/Accessories/IamRemarkable+Lapel+Pin,10,0,0.0
/Google+Redesign/Office/Google+Pen+Citron,3,0,0.0
/google+redesign/bags/essential+canvas+tote,1,0,0.0
/Google Redesign/Accessories/Google Campus Bike,3,0,0.0
/google+redesign/apparel/google+cambridge+campus+unisex+tee,1,0,0.0
/Google+Redesign/Drinkware/Mugs/Android+4oz+Rise+Mug,1,0,0.0
/google+redesign/accessories/android+iconic+sticker+sheet,1,0,0.0
/google+redesign/wearables/men+s+t-shirts/men+s+vintage+heather+t-shirt,3,0,0.0
/Google+Redesign/Stationery/YouTube+Jotter+Task+Pad,12,0,0.0
/Google+Redesign/Apparel/Google+Youth+Badge+Tee+Olive,1,0,0.0
/Google+Redesign/Drinkware/Google+Hub+Mug+White,14,1,0.071
/Google+Redesign/Bags/Google+Incognito+Zip+Pack,1,0,0.0
/Google+Redesign/Lifestyle/Fun/Malibu+Sunglasses+bl,1,0,0.0
/Google+Redesign/Waze,3,0,0.0
/Google+Redesign/Apparel/Google+Womens+Kirkland+Pullover,1,0,0.0
/Google+Redesign/Apparel/Google+Unisex+Pride+Eco-Tee+Black,14,0,0.0
/Google+Redesign/Apparel/Google+Youth+FC+Longsleeve+Charcoal,4,0,0.0
/google redesign/apparel/headgear,2,0,0.0
/Google+Redesign/Accessories/Google+Medium+Pet+Collar+Blue+Green,20,0,0.0
/Google+Redesign/Apparel/Google+Infant+Hero+Onesie+Grey,9,0,0.0
/Google+Redesign/Apparel/Google+Mountain+View+Tee+Red,2,0,0.0
/Google+Redesign/Office/Google+Google+Confetti+Pen+White,7,0,0.0
/google+redesign/shop+by+brand/google/Ã°Å¸ Â´Ã°Å¸ Â´Ã°Å¸ Â´Ã°Å¸ Â´bojack horsmanÃ°Å¸ Â´Ã°Å¸ Â´Ã°Å¸ Â´Ã°Å¸ Â´,3,0,0.0
/Google+Redesign/Brands/Android/home,1,0,0.0
/Google+Redesign/Apparel/Google+Tee+Red,11,0,0.0
/google+redesign/apparel/socks,1,0,0.0
/Google+Redesign/Drinkware/Google+SF+Campus+Mug,1,0,0.0
/Google+Redesign/Apparel/Google+Womens+Grid+Zip+Up,17,1,0.059
/google+redesign/accessories/google+laptop+sleeve+charcoal,1,0,0.0
/Goo,4,0,0.0
/Google+Redesign/Apparel/Google+Kirkland+Campus+Unisex+Tee,1,2,2.0
/Google+Redesign/Drinkware/Google+Austin+Campus+Mug,8,1,0.125
/storeitem,36,0,0.0
/google+redesign/apparel/google+womens+grid+zip+up,1,0,0.0
/google+redesign/accessories/google+cloth+pouch+black,2,0,0.0
/Google+Redesign/Bags/Google+Totepak,5,0,0.0
/Google+Redesign/Electronics/Accessories/Keyboard+DOT+Sticker,12,0,0.0
/google+redesign/new+2015+logo/wireless+gaming+mouse,1,0,0.0
/eco/organic+basic+t-shirt,1,0,0.0
/Google+Redesign/Apparel/Google+LA+Campus+Unisex+Tee,7,1,0.143
/Google+Redesign/Apparel/Google+Womens+Black+Tee,2,0,0.0
/Google+Redesign/Office/Google+Google+Pen+Navy,3,0,0.0
/eco/android,5,0,0.0
/Google+Redesign/Bags/Google+Incognito+Laptop+Organizer+V2,9,0,0.0
/Google+Redesign/Drinkware/Google+Chicago+Campus+Bottle,2,0,0.0
/eco/25oz+recycled+infuser+bottle,11,0,0.0
/Google+Redesign/Apparel/Google+SF+Campus+Zip+Hoodie,12,0,0.0
/Google+Redesign/Shop+by+Brand/Waze+Womens+Typography+Short+Sleeve+Tee+MD,7,0,0.0
/Google+Redesign/Apparel/Google+Split+Seam+Tee+Olive,19,0,0.0
/google+redesign/lifestyle/small+goods,2,0,0.0
/Google+Redesign/Apparel/Google+Unisex+Google+Jumbo+Print+Tee+White,5,0,0.0
/google+redesign/bags/google+nyc+campus+tote,2,0,0.0
/google+redesign/shop+by+brand/quickview,3,0,0.0
/google+redesign/nest/nest-usa/quickview,5,0,0.0
/google+redesign/apparel/women+s+google+quillted+insulated+vest+2x,1,0,0.0
/Google+Redesign/Bag,3,0,0.0
/Google+Redesign/Apparel/Google+Youth+FC+Pullover+Hoodie,3,0,0.0
/Google+Redesign/New/jaimeXXX,1,0,0.0
/Google+Redesign/Apparel/Google+Womens+Discovery,2,0,0.0
/Google+Redesign/Bags/Google+Seaport+Tote,15,0,0.0
/Google+Redesign/Apparel/Google+Boulder+Campus+Zip+Hoodie,7,2,0.286
//google+redesign/shop+by+brand/youtube,3,0,0.0
/Google+Redesign/Apparel/Android+Pocket+Toddler+Tee+Navy,3,1,0.333
/Google+Redesign/Apparel/Womens/Womens+Warm+Gear,3,0,0.0
/Google+Redesign/Brands/YouTube/home,11,0,0.0
/google+redesign/office/google+soft+modal+scarf,2,0,0.0
/Google+Redesign/Apparel/YouTube+wordmark+crew+grey,8,0,0.0
/Google+Redesign/Apparel/YouTube+Icon+Tee+Grey,22,3,0.136
/Google+Redesign/Apparel/Google+Tonal+Tee+Spearmint,3,0,0.0
/google+redesign/office/google+pen+bright+blue,1,0,0.0
/Google+Redesign/Drinkware/Android+Iconic+Mug+Gray,26,0,0.0
/jostin,2,0,0.0
/Google+Redesign/Accessories/Drinkware/home,1,0,0.0
/),9,0,0.0
/Google+Redesign/Apparel/Google+Unisex+Google+Pocket+Tee+Grey,32,4,0.125
/google+redesign/lifestyle/fun,1,0,0.0
/google+redesign/shop+by+brand/i+am+remarkable,1,0,0.0
/Google+Redesign/Wearables/Men+s+T+Shirts/Men+s+Vintage+Heather+T+shirt,3,0,0.0
/google+redesign/apparel/mens/mens+t+shirts/quickview,4,0,0.0
/Google+Redesign/Drinkware/Google+NYC+Campus+Bottle,9,1,0.111
/Eco/Youth+Black+is+Back+Tee,1,0,0.0
/topsellers/home,1,0,0.0
/Google+Redesign/Campus+Collection/Google+Sunnyvale+Campus+Unisex+Tee,4,1,0.25
/Google+Redesign/Apparel/Mens/Mens+Outerwear,3,0,0.0
/Google+Redesign/Drinkware/Google+PNW+Campus+Mug,1,0,0.0
/google+redesign/kids/youtube+kids+tee+white,1,0,0.0
/google+redesign/apparelgoogle+beekeepers+youth+tee+pink,2,0,0.0
/home},1,0,0.0
/Google+Redesign/Apparel/Google+Youth+Hero+Tee+Grey,5,0,0.0
/Google+Red,7,0,0.0
/Google+Redesign/Apparel/IamRemarkable+Unisex+T-Shirt,20,0,0.0
/google+redesign/accessories/stickers+and+decals//quickview,1,0,0.0
/google+redesign/office/google+recycled+notebook+set+natural,1,0,0.0
/Google+Redesign/Drinkware/Google+LA+Campus+Bottle,1,0,0.0
/Google+Redesign/Bags/Google+Rolltop+Backpack+Reflective,3,0,0.0
/google+redesign/apparel/google+campus+bike+eco+tee+navy,1,0,0.0
/eco/android+napa+perfect+bound+journal,2,0,0.0
/google+redesign/drinkware/google+24oz+ring+bottle+red,5,0,0.0
/Google+Redesign/Lifestyle/Fun/Malibu+Sunglasses+green,6,0,0.0
/Google+Redesign/Office/Google+Mural+Notebook,5,0,0.0
/google+redesign/brands/google/ecoalf+envelope+bag,1,0,0.0
/google+redesign/apparel/kids/quickview,3,0,0.0
/google+redesign/accessories/google+mouse+pad+navy,1,0,0.0
///,2,0,0.0
/google+redesign/accessories/android+hipster+pin,4,0,0.0
/Google+Redesign/Drinkware/Google+PNW+Campus+Bottle,4,0,0.0
/Google+Redesign/Accessories/Google+Medium+Pet+Leash+Red+Yellow,2,0,0.0
/roruizf,3,0,0.0
/Google Redesign/Stationery/Notebooks,1,0,0.0
/Google+Redesign/Drinkware/Google+Bottle+Cleaner,1,0,0.0
/google+redesign/apparel/womens/womens+warm+gear/quickview,1,0,0.0
/google+redesign/accessories/google+blue+yoyo,3,0,0.0
/Google+Redesign/Apparel/Youtube+Favorite+Tee+White,5,0,0.0
/google+redesign/apparel/google+fc+longsleeve+ash+md,1,0,0.0
/Google Redesign/Drinkware/Google Canteen Bottle Black,7,0,0.0
/Google+Redesign/Gift+Cards/Gift+Card++50,5,0,0.0
/Google+Redesign/Apparel/Mens+Outerwear/BLM+Sweatshirt,2,0,0.0
/Google+Redesign/Campus+Collection/Google+Mountain+View+Campus+Sticker,3,0,0.0
/Google+Redesign/Apparel/Google+Infant+Hero+Tee+Olive,11,1,0.091
//,13,0,0.0
/google+redesign/apparel/google+tee+blue,4,0,0.0
/Google+Redesign/Accessories/Android+SM+Sticker+Sheet,7,3,0.429
/Google+Redesign/Apparel/Google+Mens+Discovery+Lt+Rain+Shell,8,2,0.25
/google+redesign/apparel/kids/kids+youth/android+youth+short+sleeve+tshirt+aqua,1,0,0.0
/google+redesign/office/google+small+standard+journal+navy,3,0,0.0
/Google+Redesign/Accessories/Drinkware/22+oz+Mini+Mountain+Bottle,1,0,0.0
/google+redesign/apparel/womens,11,0,0.0
/Google+Greenesign/Apparel/Goog,1,0,0.0
/Google+Redesign/Accessories/Google+Chrome+Dinosaur+Collectible Google Merchandise Store,1,0,0.0
/Data Science Academy paopicolomonac[REDACTED EMAIL]l,1,0,0.0
/google+redesign/apparel/youtube+icon+hoodie+black,3,0,0.0
/Google+Redesign/Accessories/Google+Seattle+Campus+Sticker,1,0,0.0
/vianey,1,0,0.0
/Google+Redsign/Shop+by+Brand/,10,0,0.0
/Google+Redesign/Apparel/Google+Zip+Hoodie+Black,14,0,0.0
/dbhu,2,0,0.0
/Google+Redesign/Apparel/Headgear,3,0,0.0
/Google+Redesign/Apparel/Kids/Kids+Youth,19,1,0.053
/fffdfgadgsgfg,1,0,0.0
/Google+Redesign/Drinkware/Google+Chicago+Campus+Mug,1,0,0.0
/Google+Redesign/Accessories/Google+Cork+Key+Ring,6,0,0.0
/google+redesign/accessories/drinkware/google+ranger+water+bottle,1,0,0.0
/Google+Redesign/Bags/Supernatural+Paper+Lunch+Sack,11,2,0.182
/Google+Redesign/Brands/Go/Go+Gopher+Pink+Squishable,1,0,0.0
/google+redesign/apparel/google+mountain+view+tee+red,1,0,0.0
/https://support,3,0,0.0
/Google+Redesign/Bags/IamRemarkable+Tote,3,0,0.0
/signingsrtgqtg,1,0,0.0
/Google+Redesign/ApparelGoogle+Beekeepers+Toddler+Tee+Pink,2,1,0.5
/google redesign/apparel/headgear/google trucker hat,2,0,0.0
/google+redesign/bags/google+uti,1,0,0.0
/google+redesign/bags/google+ut,1,0,0.0
/google+redesign/bags/google+utility+b,1,0,0.0
/Google+Redesign/Office/Google+Small+Standard+Journal+Navy,5,1,0.2
/eco/youtube+organic+cotton+t-shirt+-+black,4,0,0.0
/orlando,7,0,0.0
/google redesign/apparel/mens,4,0,0.0
/plat,1,0,0.0
/google+redesign/apparel/google+google+striped+tank,1,0,0.0
/google+redesign/apparel/google+black+tee,1,0,0.0
//java/procz,1,0,0.0
/www,6,0,0.0
/google+redesign/apparel/womens/womens+t+shirts/quickview,1,0,0.0
/Google,9,0,0.0
/Google+Redesign/Office/Android+Large+Trace+Journal+Black,8,0,0.0
/Google+Redesign/Wearables/Men+s+T-Shirts,2,0,0.0
/Google+Redesign,4,0,0.0
/Google+Redesign/Campus+Collection/Google+Sunnyvale+Campus+Sticker,3,0,0.0
/Google+Redesign/Campus+Collection/Google+Sunnyvale+Campus+Tote,2,0,0.0
/Google+Redesign/Apparel/Mens/Mens+Warm+Gear,10,0,0.0
/google+redesign/apparel/women+s+google+quillted+insulated+vest+lg+white,1,0,0.0
/google+redesign/accessoriesðŸ˜ƒðŸ‘ ,1,0,0.0
/Google+Redesign/Apparel/Android+Dino+Buddies+Tee+Grey,2,0,0.0
/google+redesign/apparel/mens/mens+warm+gear,8,0,0.0
/Google+Redesign/Apparel/Google+Google+Crew+Striped+Athletic+Sock,24,0,0.0
/google+redesign/nest/nest+detect,2,0,0.0
/google+redesign/bags/backpacks/home,7,0,0.0
//asearch,1,0,0.0
/Google+Redesign/ApparelGoogle+Beekeepers+Onesie+Pink,6,0,0.0
/Google+Redesign/Accessories/Google+NYC+Campus+Lapel+Pin,7,1,0.143
/Google+Redesign/Drinkware/Google+LA+Campus+Mug,2,0,0.0
/Google+Redesign/Shop+by+Brand/Waze+Dress+Socks,2,0,0.0
"/Google+Redesign/Apparel/Google+Dino+Game+Tee,2941,4,0",1,0,0.0
/34578234658372452Ð½3Ð³Ð¾Ñ€Ð¸,1,0,0.0
/youtube,2,0,0.0
/ordercomplete/thank_you,1,0,0.0
/Google+Redesign/Bags/Google+Google+Striped+Penny+Pouch,1,0,0.0
/Google+Redesign/Apparel/Google+NYC+Campus+Zip+Hoodie+XS,1,0,0.0
/google+redesign/accessories/google+clear+framed+yellow+shades,1,0,0.0
/google+redesign/apparel/google+mens+tech+fleece+grey,3,0,0.0
/Google+Redesign/Accessories/Google+Bot+Multicolored,3,0,0.0
/Google+Redesign/Accessories/Google+Cork+Passport+Holder,3,0,0.0
/platzi,18,0,0.0
/google+redesign/office/google+recycled+pen+black,6,0,0.0
/google+redesign/drinkware/google+canteen+bottle+black,3,0,0.0
"/Tips/requests",1,0,0.0
/Google+Redesign/Accessories/Google+Large+Pet+Collar+Blue+Green,10,0,0.0
/google+redesign/apparel/stan+and+friends+tee+green,1,0,0.0
/google+redesign/kids/google+standard+onesie+green,2,0,0.0
/tuvieja,3,0,0.0
/TopSellers/,1,0,0.0
/Google Redesign/Accessories/Android Lumberjack Pin,1,0,0.0
/google+redesign/drinkware/water+bottles,2,0,0.0
/store-policies/terms-of-use/home,1,0,0.0
/Google+Redesign/Office/Google+Pen+Red,4,0,0.0
/google+redesign/apparel,6,0,0.0
/Google Redesign/Apparel/Google Dino Game Tee,1,0,0.0
/google+redesign/gift+cards,4,0,0.0
/google+redesign/wearables/headwear/android+unwashed+chino+twill+cap,1,0,0.0
/google+redesign/apparel/google+unisex+eco+tee+black,2,0,0.0
/eco/organic+me-to-we+tee,5,0,0.0
/Teamomaxi,1,0,0.0
/Google+Redesign/Apparel/Google+Chicago+Campus+Zip+Hoodie,2,0,0.0
/Google Redesign/Accessories/Google Utensil Set,4,0,0.0
/google+redesign/bags/google+mural+tote,1,0,0.0
/Google+Redesign/Apparel/Youtube+Tee+Black,1,0,0.0
/google+redesign/accessories/quickview,1,0,0.0
/Google+Redesign/Apparel/Google+Womens+Eco+Tee+Black,9,2,0.222
/Google+Redesign/Accessories/Android+Super+Hero+3D+Framed+Art,9,0,0.0
/Google+Redesign/Office/Google+Light+Up+Pen+Red,4,1,0.25
/Google+Redesign/Apparel/Mens/quickview,1,0,0.0
/regeeg,1,0,0.0
/Google+Redesign/Accessories/Google+LA+Campus+Lapel+Pin/robot,2,0,0.0
/Google+Redesign/Apparel/Google+PNW+Campus+Unisex+Tee,6,0,0.0
/Google+Redesign/Shop+By+Brand/Youtube,3,0,0.0
/Google+Redesign/Drinkware/,1,0,0.0
/google redesign/accessories,1,0,0.0
/Google+Redesign/Apparel/Google+Heathered+Pom+BeanieThis,1,0,0.0
/Google+Redesign/Apparel/Google+Womens+Pride+Eco-Tee+Black,7,1,0.143
/google+redesign/nest/nest+yale+lock+satin+nickel,2,0,0.0
/Google+Redesign/Wearables/Women+s+T-Shirts/,1,0,0.0
/Google Zip Hoodie F/C,1,0,0.0
/Google+Redesign/Apparel/Google+Cambridge+Campus+Unisex+Tee,3,0,0.0
/Y2VydGlmaW,3,0,0.0
/Google+Redesign/Apparel/Stan+and+Friends+Onesie+Green,3,0,0.0
/Google+Redesign/Accessories/Stickers/,4,0,0.0
/images/view,1,0,0.0
/Google+Redesign/Drinkware/Google+NYC+Campus+Mug,11,1,0.091
/Google+Redesign/Apparel/Google+Cambridge+Campus+Zip+Hoodie,15,0,0.0
/Google+Redesign/Accessories/Android+Geek+Pin,2,0,0.0
/Google+Redesign/Office/IamRemarkable+Journal,4,1,0.25
/Google+Redesign/Gift+Cards/Gift+Card++100,6,0,0.0
/Google+Redesign/Accessories/Google+Large+Pet+Leash+Blue+Green,1,1,1.0
/Google+Redesign/Accessories/Android+Iconic+Sticker+Sheet,6,0,0.0
/Google+Redesign/Drinkware/Google+Felt+Mason+Jar,4,0,0.0
/google+redesign/bag/totes/google+lunch+bag,1,0,0.0
/Google+Redesign/Shop+by+Brand/Google+Redesign/Apparel/YouTube+Leather+Strap+Hat+Black,1,0,0.0
/canada,7,0,0.0
/Google+Redesign/Apparel/Google+NYC+Campus+Ladies+Tee,5,0,0.0
/Google+Redesign/Apparel/Google+Womens+Ringer+Tee,1,0,0.0
/google+redesign/bags/water+bottles+and+tumblers,1,0,0.0
/Google Redesign/Shop by Brand/YouTube,3,0,0.0
/google+re,1,0,0.0
/google+redesign/bags/google+utili,1,0,0.0
/Google+Redesign/Drinkware/Bottles/Google+22+oz+Water+Bottle,1,0,0.0
/Google+Redesign/Bags/Google+Mesh+Bag+Red,5,0,0.0
/New/,1,0,0.0
/google+redesign/accessories/google+felt+strap+keyring,1,0,0.0
/Google Redesign/Apparel,4,0,0.0
/static/dist/,1,0,0.0
/google+redesign/new/quickview,2,0,0.0
/Google+Redesign/Office/Google+Black+Cork+Journal,14,1,0.071
/platzy,1,0,0.0
/google redesign/apparel/mens/mens t shirts,2,0,0.0
/google+redesign/lifestyle/quickview,1,0,0.0
/Google+Redesign/Office/Google+Pen+Bright+Blue,4,0,0.0
//signin,2,0,0.0
/google+redesign/apparel/google+chicago+campus+unisex+tee,1,0,0.0
/google+redesign/drinkware/google+austin+campus+mug,1,0,0.0
/google+redesign/bags/backpacks//quickview,2,0,0.0
/google redesign/apparel/google cotopaxi shell,1,0,0.0
/Google+Redesign/Bags/Google+LA+Campus+Tote,1,0,0.0
/Google+Redesign/You+Tube/Accessories/You+Tube+Socks,1,0,0.0
/Google+Redesign/Office/Android+Iconic+Notebook,4,0,0.0
/google+redesign/apparel/google+youth+hero+tee+grey,1,0,0.0
/io,1,0,0.0
/google+redesign/drinkware/google+boulder+campus+mug,2,0,0.0
/Google+R,2,0,0.0
/Google+Redesign/Campus+Collection/Google+Mountain+View+Campus+Unisex+Tee,4,0,0.0
/Google Redesign/Apparel/Google Mens Microfleece Jacket Black,1,0,0.0
/google+redesign/accessories/android+super+hero+3d+framed+art,4,0,0.0
/Google+Redesign/Lifestyle/Google+Aluminum+Bottle+Red,3,0,0.0
/google+redesign/apparel/google+zip+hoodie+fc,4,0,0.0
/Google+Redesign/Drinkware/Google+Cambridge+Campus+Mug,8,0,0.0
/Google+Redesign/Drinkware/Stainless+Bent+Straw+and+Cleaner,5,0,0.0
/Google+Redesign/Campus+Collection/Google+Sunnyvale+Campus+Ladies+Tee,2,1,0.5
/google+redesign/accessories/google+separating+keyring,2,0,0.0
/google+redesign/apparel/quickview,6,0,0.0
/Google+Redesign/Drinkware/Google+Cambridge+Campus+Bottle,2,0,0.0
/home/nest/nest-usa,5,0,0.0
/Google+Redesign/Accessories/Google+Clear+Framed+Blue+Shades,3,1,0.333
/google+redesign/apparel/google+badge+heavyweight+pullover+black+xl,1,0,0.0
/Google+Redesign/Shop+By+Brand/Quickview,1,0,0.0
/pel,1,0,0.0
/Google+Redesign/Apparel/Google+Tee+FC+Black+MD,2,0,0.0
/Google Redesign/Accessories/Android Puzzlebot v2,1,0,0.0
/ (Canada),4,0,0.0
/google+redesign/apparel/youtube+twill+cap+sandwich+black,6,0,0.0
/google+redesign/accessories/ZWxlY3Ryb2,1,0,0.0
/google+redesign/wearables/men+s+t-shirts,1,0,0.0
/New/Cross+Calais+Pen,1,0,0.0
/Google+Redesign/Accessories/Android+Hipster+Pin,1,0,0.0
/Google+Redesign/Accessories/Android+Iconic+Pin,3,0,0.0
/Google+Redesign/Apparel/Android+Unisex+Track+Jacket+Black,4,0,0.0
/Google+Redesign/Brands/Nest/,1,0,0.0
/google+redesign/apparel/android+youth+circle+tee+md,1,0,0.0
/google+redesign/office/google+light+up+pen+blue,1,0,0.0
/Eco/Organic+Cotton+Infant+Bodysuit+-+White,4,0,0.0
/Google+Redesign/Accessories/Drinkware/Google+Ranger+Water+Bottle,1,0,0.0
/Google+Redesign/Apparel/Google+LA+Campus+Ladies+Tee,1,0,0.0
/Google+Redesign/Apparel/Men+s+T+Shirts/Google+Mens+Skater+Tee+grey,1,0,0.0
/google+redesign/apparel/android+dino+buddies+tee+grey,3,0,0.0
/google+redesign/accessories/drinkware/home,1,0,0.0
/google+redesign/accessories/google+mural+sticker+sheet,1,0,0.0
/java/proc/config,1,0,0.0
/é€™å€‹ç¶²ç«™çš„GAå¸³æˆ¶ï¼š,1,0,0.0
/Google+Redesign/Wearables/Men+s+T-Shirts/Bamboo+Men+s+T-Shirt,1,0,0.0
/Google+Redesign/Apparel/Google+Boulder+Campus+Unisex+Tee,1,0,0.0
/Google+Redesign/Apparel/Google+Toddler+Hero+Tee+Black,2,1,0.5
/Google+Redesign/Apparel/Google+Cambridge+Campus+Ladies+Tee,1,1,1.0
/google+redesign/accessories/google+boulder+campus+sticker,1,0,0.0
/Google+Re,4,0,0.0
/Google+Redesign/Wearables/,2,0,0.0
/Google+Redesign/Apparel/Google+Men+s+Google+Weatherblock+Shell+Black,1,0,0.0
/google+redesign/apparel/mens+outerwear/blm+sweatshirt,1,0,0.0
/google+redesign/electronics/accessories/google+electronics+accessory+pouch,2,0,0.0
/osidfusldkfslkdfj,2,0,0.0
/google+redesign/drinkware/quickview,1,0,0.0
/Google+Redesign/Apparel/Google+Sherpa+Zip+Hoodie+Charcoal+XS,1,0,0.0
/Google+Redesign/Kids/Google+Trike+Tee+Black,1,0,0.0
/Google+Redesign/Campus+Collection/Google+Mountain+View+Campus+Ladies+Tee,1,0,0.0
/google+redesign/bags/supernatural+paper+lunch+sack,1,0,0.0
/Google+Redesign/Brands/Ingress/,5,0,0.0
/Google+Redesign/Bags/Backpacks/Google+Rucksack,1,0,0.0
/Google+Redesign/Kids/YouTube+Kids+Tee+White,1,0,0.0
/Data Science Academy willianzarp[REDACTED EMAIL]i,1,0,0.0
/googl,1,0,0.0
/google+redesign/apparel/google+land+and+sea+unisex+tee,3,0,0.0
/google+redesign/bags/google+seaport+tote,3,0,0.0
/Google+Redesign/Accessories/Electronic+Accessories,3,0,0.0
/Google Redesign/Accessories/Google See no hear no set,2,0,0.0
/Google+Redesign/Nest/Nest+USA/Nest+Learning+Thermostat+3rd+Gen+USA+Stainless+Steel,2,0,0.0
/Google+Redesign/Drinkware/Play+Black+Force+17+oz+bottle,1,0,0.0
/index,1,0,0.0
/google+redesign/drinkware/mugs/red+shine+15+oz+mug,6,0,0.0
/error,1,0,0.0
/analytics,1,0,0.0
/Google+Redesign/Apparel/Android+Iconic+Hat+Green,4,0,0.0
/google+redesign/apparel/android+pocket+tee+navy,1,0,0.0
/google+redesign/accessories/google+emoji+magnet+set,1,0,0.0
/djidejiej,1,0,0.0
/Google+Redesign/Bags/Google+Google+Campus+Bike+Carry+Pouch,4,0,0.0
/Platzi,2,0,0.0
/Google+Redesign/Campus+Collection/Google+Sunnyvale+Campus+Mug,7,0,0.0
/Google+Redesign/Office/Writing+Instruments,1,0,0.0
/google+redesign/accessories/google+magnet,1,0,0.0
/Google+Redesign/Stationery/Google+Cloud+Pen,1,0,0.0
/Google+Redesign/Apparel/Womens/Womens+Outerwear,1,0,0.0
/Google+Redesign/Bags/Google+Google+Confetti+Accessory+Pouch,4,0,0.0
/specials/home,1,0,0.0
/google+redesign/bags/quickview,1,0,0.0
/Google+Redesign/Drinkware/Google+24oz+Ring+Bottle+Red,4,0,0.0
/google+redesign/apparel/google+badge+heavyweight+pullover+black,2,0,0.0
/google+redesign/apparel/men+s+t+shirts/google+onesie+red/graphite,1,0,0.0
/persportal,1,0,0.0
/bit,1,0,0.0
/google+redesign/apparel/google+heather+green+speckled+tee,2,0,0.0
/Google+Redesign/Apparel/Google+Tee+Mint+Green,1,0,0.0
/Google+Redesign/Kids/Google+Cappy+Bib+White,1,0,0.0
/danielariasinacap,1,0,0.0
/Google+Redesign/Wearables/Headwear/Android+Unwashed+Chino+Twill+Cap,1,0,0.0
/Google+Redesign/Office/,2,0,0.0
/Google+Redesign/Accessories/Google+Felt+Strap+Keyring,2,1,0.5
/Google+Redesign/Accessories/Google+Medium+Pet+Leash+Blue+Green,3,0,0.0
/Google+Redesign/Apparel/Google+NYC+Campus+Unisex+Tee+MD,1,0,0.0
/Google+Redesign/TYCTWD,3,0,0.0
/google+redesign/lifestyle,4,0,0.0
/new/new-drinkware/home,1,0,0.0
/Google+Redesign/Apparel/Google+braille+tee+black,1,0,0.0
/google+redesign/drinkware/google+cambridge+campus+bottle,1,0,0.0
/Google+Redesign/Electronics/Audio/Google+G+Noise+reducing+Bluetooth+Headphones,2,0,0.0
/Google+Redesign/Apparel/Android+Pocket+Toddler+Tee+White,2,0,0.0
/Google+Redesign/Google+Land+and+Sea+French+Terry+Sweatshirt),3,0,0.0
/Google+Redesign/Accessories/Google+Chicago+Campus+Lapel+Pin,1,0,0.0
/Google+Redesign/Clearance/quick-iew,1,0,0.0
/Google+Redesign/Bags/Google+Utility+BackPack/home,1,0,0.0
/Google+Redesign/Wearables/home,1,0,0.0
/google+redesign/office/office+other/quickview,1,0,0.0
/google+redesign/apparel/android+iconic+crew,2,0,0.0
/Google+Redesign/shop+by+brand/youtube,4,0,0.0
/google+redesign/office/google+phone+stand+bamboo,1,0,0.0
/google+redesign/apparel/women+s/women+s+t+shirts,1,0,0.0
/Google+Redesign/Apparel/Google+Black+Cloud+Zip+Hoodie,2,0,0.0
/default,1,0,0.0
/skdekdh,1,0,0.0
/sitemapindex,1,0,0.0
/google+redesign/drinkware/pixel+pen+black,4,0,0.0
/new/new-accessories/,4,0,0.0
/thelab,1,0,0.0
/store-policies/return-policy/home,3,0,0.0
/Google+Redesign/Accessories/Google+Separating+Keyring,4,0,0.0
/Google+Redesign/Accessories/,1,0,0.0
/Google+â€¦,2,0,0.0
/google+redesign/apparel/womens/womens+t+shirts,1,0,0.0
/google+redesign/apparel/google+land+and+sea+cotton+cap+ls,2,0,0.0
/google+redesign/apparel/google+navy+speckled+tee,2,0,0.0
/google+redesign/accessories/android+large+removable+sticker+sheet,3,0,0.0
/Google+Redesign/Apparel/Google+PNW+Campus+Ladies+Tee,2,1,0.5
/Google+Redesign/Apparel/Google+Seattle+Campus+Unisex+Tee,1,0,0.0
/Google+Redesign/Fun/home,3,0,0.0
/test,1,0,0.0
/google+redesign/apparel/google+leather+strap+hat+black,1,0,0.0
/Google+Redesign/Accessories/Bags/home,1,0,0.0
/google+redesign/bags/google+mesh+bag+blue,1,0,0.0
/Google+Redasdfesign/New,1,0,0.0
/Google+Redesign/Wearables/Men+s+T-Shirts/index,3,0,0.0
/google+redesign/gift+cards/gift+card++25,1,0,0.0
/Google+Redesign/Apparel/Google+Zip+Hoodie+FC+MD,1,0,0.0
/google+redesign/apparel/android+iconic+hat+green,2,0,0.0
/Google+Redesign/Apparel/Google+SF+Campus+Unisex+Tee,3,0,0.0
/Google+Redesign/bags/water+bottles+and+tumblers,1,0,0.0
/thankyou/receipt,1,0,0.0
"/Google+Redesign/Apparel/Google+Dino+Game+Tee,451491,580,0",1,0,0.0
/Google+Redesign/Accessories/Other/,1,0,0.0
/Google+Redesign/Apparel/Google+Womens+Grid+Zip+Uphttps://shop,2,0,0.0
/google+redesign/apparel/headgear/android+stretch+fit+hat+g,1,0,0.0
/google+redesign/apparel/kids/kids+toddler/quickview,1,0,0.0
/google+redesign/apparel/google+mens+softshell+moss,1,0,0.0
/Google+Redesign/Apparel/Google+Cambridge+Campus+Zip+Hoodie+MD,1,0,0.0
/Google+Redesign/Lifestyle/Bags/nuevos,1,0,0.0
/ case study,1,0,0.0
/details/New/New/GGL1720_Google Notabag - Blue,1,0,0.0
/google+redesign/apparel/google+youth+google+pocket+tee+blue,1,0,0.0
/google+redesign/apparel/android+coachs+jacket+black,2,0,0.0
/google+redesign/apparel/women+s+t+shirts/home,1,0,0.0
/vvkhbjibkjbbug,1,0,0.0
/clearance/clearance-apparel/,2,0,0.0
/google+redesign/drinkware/google+adventure+bottle+black,1,0,0.0
/Google+Redesign/Accessories/Google+Small+Cable+Organizer+Blue,4,0,0.0
"/Google+Redesign/Lifestyle,398554,409,0",1,0,0.0
/~ito+Techpack+V2,1,0,0.0
/google+redesign/wearables/men+s+t-shirts/home,1,0,0.0
/p11studio,1,0,0.0
/google+redesign/shop+by+brand/google/ÃƒÂ°Ã…Â¸ Ã‚Â´ÃƒÂ°Ã…Â¸ Ã‚Â´ÃƒÂ°Ã…Â¸ Ã‚Â´ÃƒÂ°Ã…Â¸ Ã‚Â´bojack horsmanÃƒÂ°Ã…Â¸ Ã‚Â´ÃƒÂ°Ã…Â¸ Ã‚Â´ÃƒÂ°Ã…Â¸ Ã‚Â´ÃƒÂ°Ã…Â¸ Ã,1,0,0.0
/google+redesign/apparelgoogle+beekeepers+toddler+tee+pink,1,0,0.0
/Google+Redesign/Apparel/Google+Twill+Cap+Charcoal,1,0,0.0
/3,1,0,0.0
/google+redesign/apparel/android+matrix+tee+white,1,0,0.0
/google+redesign/office/google+recycled+writing+set,1,0,0.0
/google+redesign/apparel/google+sf+campus+ladies+tee,1,0,0.0
/google+redesign/office/android+notebook+set+black,2,0,0.0
/Google+Redesign/New/luissarno,1,0,0.0
/google+redesign/bags/google+rolltop+backpack+reflective,1,0,0.0
/google redesign/apparel/womens/womens tshirts/google womens vneck tee ch,1,0,0.0
/Google+Redesign/Office/Stickers/Google+Doodle+Decal,1,0,0.0
/uact=5,1,0,0.0
/Google+Redesign/R29vZ2xlK0,3,0,0.0
/thankyou/,3,0,0.0
/google+redesign/apparel/google+crew+grey,1,0,0.0
/â€©https://goo,2,0,0.0
/google+redesign/nest/nest-can,1,0,0.0
/Google+Redesign/Apparefdsfadsfnadjksbfnajksdbf,1,0,0.0
/ideas,4,0,0.0
/Google Redesign/Stationery,2,0,0.0
/google+redesign/apparel/google+zip+hoodie+black,1,0,0.0
/Google Redesign/Apparel/Android Dino Buddies Tee Green,1,0,0.0
/+,1,0,0.0
/google+redesign/apparel/google+toddler+fc+zip+hoodie,1,0,0.0
/Google+Redesign/Accessories/Google+Kirkland+Campus+Sticker,1,0,0.0
/Google+Redesign/Bags/Google+Google+Confetti+Tote+White,1,0,0.0
/google+redesign/shop+by+brand/google/quickview,1,0,0.0
/Google+Redesign/Lifestyle/Fun/Windup+Android,1,0,0.0
/Google+Redesign/Apparel/Men+s+T-Shirts/home,1,0,0.0
/Google+Redesign/Accessories/Google+Boulder+Campus+Sticker,1,0,0.0
/google+redesign/bags/google+rolltop+backpack+blue,2,0,0.0
/Google+Redesign/Apparel/Google+Flower+Onesie+Purple,1,0,0.0
/Google+Redesign/Drinkware/Google+Thermal+Bottle+White+with+box,2,0,0.0
/Google+Redesign/Accessories/Google+Large+Pet+Collar+Red+Yellow,1,0,0.0
/Google Redesign/Accessories/Google Lapel Pin,1,0,0.0
/google+redesign/apparel/android+womens+peace+tee+black,1,0,0.0
/google+redesign/accessories/housewares,1,0,0.0
/Google+Redesign/Apparel/Google+Mens+Tech+Fleece+Grey + ,1,0,0.0
/google+redesign/accessories/stickers,2,0,0.0
/oko,1,0,0.0
/fiongfems,1,0,0.0
/Google+Redesign/Apparel/Android+Iconic+Crew+XL,1,0,0.0
/google+redesign/accessories/google+emoji+sticker+pack+2+sheet,1,0,0.0
/Google+Redesign/Accessories/Google+Picnic+Blanket+Green,1,0,0.0
/efaraneda,1,0,0.0
/google+redesign/apparel/google+unisex+pride+eco-tee+black,1,0,0.0
/google+redesign/bags/google+totepak,1,0,0.0
/google+redesign/brands/android/home,1,0,0.0
/Google+Redesign/Bags/Google+SF+Campus+Tote,2,0,0.0
/google+redesign/apparel/socks/quickview,1,0,0.0
/Google+Redesign/Accessories/Bags/Heritage+Computer+Backpack,1,0,0.0
/GiftCertificate/GiftCertificate,1,0,0.0
/shshs,1,0,0.0
/google+redesign/apparel/android+toddler+circle+tee,1,0,0.0
"/*,",1,0,0.0
/google+redesign/accessories/bags/nailhead+messenger,1,0,0.0
/store-policies/shipping-information/google+redesign/bags/google+redesign/apparel/kids/google+redesign/apparel/mens/mens+t+shirts,1,0,0.0
/google+redesign/shop+by+brand/youtube$,1,0,0.0
/google+redesign/drinkware/google+super+g+tumbler+blue+lid,1,0,0.0
/google+redesign/apparel/men++s/men++s+outerwear,1,0,0.0
/report/,1,0,0.0
/google+redesign/nest/nest+usa+/nest+secure+alarm+system+starter+pack,1,0,0.0
/Google+Redesign/Apparel/Google+Bike+Tee+Grey,1,0,0.0
/google+redesign/apparel/ladies+t-shirts/ladies+not+for+sale+t-shirt,1,0,0.0
/google+redesign/apparel/mens+outerwear/google+mens+zip+hoodie+2xl,1,0,0.0
/Google+Redesign/clearance,1,0,0.0
/google+redesign/drinkware/google+bike+bottle,1,0,0.0
/Google+Redesign/Office/Google+Phone+Stand+kaori,1,0,0.0
/*,5,0,0.0
/Eco/Android+Napa+Perfect+Bound+Journal,1,0,0.0
/Google+Redesign/Apparel/Google+Sherpa+Zip+Hoodie+Navy+XS,1,0,0.0
/Google+Redesign/Accessories/Google+PNW+Campus+Lapel+Pin,1,0,0.0
//java/procz/,1,0,0.0
/tfgfgfg,1,0,0.0
/Google+Redesign/Super+G+Unisex+Joggers+XS,1,0,0.0
/google+redesign/apparel/google+la+campus+ladies+tee,1,0,0.0
/google+redesign/electronics/audio/quickview,1,0,0.0
/google+red,1,0,0.0
/Google+Redesign/Brands/Android/,1,0,0.0
/Google+Redesign/Google+Chrome+Dino+Light+Up+Water+Bottle,1,0,0.0
/google+redesign/apparel/kids/kids+infant,1,0,0.0
/mya,1,0,0.0
/new/new-accessories/home,1,0,0.0
"/,",2,0,0.0
/Google+Redesign/Office/Android+Iconic+Pen,1,0,0.0
/Eco/Organic+Me-To-We+Tee,1,0,0.0
/hsfjkdfs,1,0,0.0
/google+redesign/apparel/mens/mens+warm+gear/quickview,1,0,0.0
/google+redesign/apparel/flamingo+and+friends+tee+blue,1,0,0.0
/google+redesign/lifestyle/google-frisbee,1,0,0.0